iso3,iso2,country,year,tfp_growth_percent
AGO,AO,Angola,1980,1.271651268005371
AGO,AO,Angola,1981,-5.860124588012695
AGO,AO,Angola,1982,-1.95334792137146
AGO,AO,Angola,1983,3.007323741912842
AGO,AO,Angola,1984,4.477557182312012
AGO,AO,Angola,1985,3.1278743743896484
AGO,AO,Angola,1986,3.18644642829895
AGO,AO,Angola,1987,6.302523136138916
AGO,AO,Angola,1988,5.518454551696777
AGO,AO,Angola,1989,0.8533827662467957
AGO,AO,Angola,1990,-0.294730007648468
AGO,AO,Angola,1991,-2.6478374004364014
AGO,AO,Angola,1992,-13.493826866149902
AGO,AO,Angola,1993,-31.68577003479004
AGO,AO,Angola,1994,-2.612722873687744
AGO,AO,Angola,1995,9.046014785766602
AGO,AO,Angola,1996,4.943397521972656
AGO,AO,Angola,1997,3.418267250061035
AGO,AO,Angola,1998,-2.090284585952759
AGO,AO,Angola,1999,-1.5213578939437866
AGO,AO,Angola,2000,3.300456523895264
AGO,AO,Angola,2001,4.13398551940918
AGO,AO,Angola,2002,12.539042472839355
AGO,AO,Angola,2003,1.7336348295211792
AGO,AO,Angola,2004,8.116251945495605
AGO,AO,Angola,2005,9.904745101928713
AGO,AO,Angola,2006,6.727232933044434
AGO,AO,Angola,2007,8.122025489807129
AGO,AO,Angola,2008,4.287983417510986
AGO,AO,Angola,2009,-5.367831230163574
AGO,AO,Angola,2010,-0.4282912909984588
AGO,AO,Angola,2011,-2.051245212554932
AGO,AO,Angola,2012,3.1005337238311768
AGO,AO,Angola,2013,-0.0332501605153083
AGO,AO,Angola,2014,-0.1956885904073715
AGO,AO,Angola,2015,-3.6562423706054688
AGO,AO,Angola,2016,-6.53167724609375
AGO,AO,Angola,2017,-4.281822681427002
AGO,AO,Angola,2018,21.08463859558105
ALB,AL,Albania,1980,-1.86401891708374
ALB,AL,Albania,1981,-0.8065906167030334
ALB,AL,Albania,1982,-4.513443946838379
ALB,AL,Albania,1983,-4.9968085289001465
ALB,AL,Albania,1984,-6.768922328948975
ALB,AL,Albania,1985,-2.9107048511505127
ALB,AL,Albania,1986,0.5721517205238342
ALB,AL,Albania,1987,-5.409368515014648
ALB,AL,Albania,1988,-5.113515853881836
ALB,AL,Albania,1989,5.528522491455078
ALB,AL,Albania,1990,-12.873976707458496
ALB,AL,Albania,1991,-30.49384880065918
ALB,AL,Albania,1992,9.983699798583984
ALB,AL,Albania,1993,12.495108604431152
ALB,AL,Albania,1994,0.851682722568512
ALB,AL,Albania,1995,13.656982421875
ALB,AL,Albania,1996,7.815305233001709
ALB,AL,Albania,1997,-12.315786361694336
ALB,AL,Albania,1998,8.548367500305176
ALB,AL,Albania,1999,11.842615127563477
ALB,AL,Albania,2000,4.608826637268066
ALB,AL,Albania,2001,6.79223108291626
ALB,AL,Albania,2002,3.2834060192108154
ALB,AL,Albania,2003,3.6820201873779297
ALB,AL,Albania,2004,3.5787503719329834
ALB,AL,Albania,2005,3.791423082351685
ALB,AL,Albania,2006,4.07294511795044
ALB,AL,Albania,2007,4.058520317077637
ALB,AL,Albania,2008,8.453533172607422
ALB,AL,Albania,2009,5.980319023132324
ALB,AL,Albania,2010,2.5658867359161377
ALB,AL,Albania,2011,-0.2126006036996841
ALB,AL,Albania,2012,-1.9605357646942136
ALB,AL,Albania,2013,3.1264469623565674
ALB,AL,Albania,2014,0.4034335613250732
ALB,AL,Albania,2015,-1.9118820428848269
ALB,AL,Albania,2016,-2.187028408050537
ALB,AL,Albania,2017,-0.4556597173213959
ALB,AL,Albania,2018,0.5540987253189087
ARG,AR,Argentina,1980,-1.6980373859405518
ARG,AR,Argentina,1981,-7.772312164306641
ARG,AR,Argentina,1982,-5.002954006195068
ARG,AR,Argentina,1983,1.438464641571045
ARG,AR,Argentina,1984,-0.5252498984336853
ARG,AR,Argentina,1985,-6.2052435874938965
ARG,AR,Argentina,1986,4.14078950881958
ARG,AR,Argentina,1987,0.7236793041229248
ARG,AR,Argentina,1988,-2.712844133377075
ARG,AR,Argentina,1989,-7.998456478118896
ARG,AR,Argentina,1990,-3.430415391921997
ARG,AR,Argentina,1991,6.660950660705566
ARG,AR,Argentina,1992,5.491742134094238
ARG,AR,Argentina,1993,5.973958969116211
ARG,AR,Argentina,1994,1.615639090538025
ARG,AR,Argentina,1995,-2.493125915527344
ARG,AR,Argentina,1996,2.768402576446533
ARG,AR,Argentina,1997,2.094473123550415
ARG,AR,Argentina,1998,-0.6505411863327026
ARG,AR,Argentina,1999,-5.838165283203125
ARG,AR,Argentina,2000,-2.4421262741088867
ARG,AR,Argentina,2001,-4.850474834442139
ARG,AR,Argentina,2002,-8.813661575317383
ARG,AR,Argentina,2003,5.543778419494629
ARG,AR,Argentina,2004,3.864324331283569
ARG,AR,Argentina,2005,4.131741523742676
ARG,AR,Argentina,2006,3.053731203079224
ARG,AR,Argentina,2007,4.063211917877197
ARG,AR,Argentina,2008,-0.1199273094534874
ARG,AR,Argentina,2009,-7.940804481506348
ARG,AR,Argentina,2010,6.491922855377197
ARG,AR,Argentina,2011,1.3409191370010376
ARG,AR,Argentina,2012,-4.490547180175781
ARG,AR,Argentina,2013,-0.1845485270023346
ARG,AR,Argentina,2014,-3.9728891849517822
ARG,AR,Argentina,2015,0.7327362298965454
ARG,AR,Argentina,2016,-3.79216194152832
ARG,AR,Argentina,2017,0.6101637482643127
ARG,AR,Argentina,2018,-3.647796630859375
ARM,AM,Armenia,1991,-15.176356315612791
ARM,AM,Armenia,1992,-51.54424285888672
ARM,AM,Armenia,1993,-9.387849807739258
ARM,AM,Armenia,1994,5.770958423614502
ARM,AM,Armenia,1995,4.838509559631348
ARM,AM,Armenia,1996,7.461117267608643
ARM,AM,Armenia,1997,6.094396114349365
ARM,AM,Armenia,1998,9.00012493133545
ARM,AM,Armenia,1999,4.137648582458496
ARM,AM,Armenia,2000,5.857022285461426
ARM,AM,Armenia,2001,9.522348403930664
ARM,AM,Armenia,2002,21.05536651611328
ARM,AM,Armenia,2003,11.452345848083496
ARM,AM,Armenia,2004,9.81935214996338
ARM,AM,Armenia,2005,10.565537452697754
ARM,AM,Armenia,2006,10.24923610687256
ARM,AM,Armenia,2007,9.240676879882812
ARM,AM,Armenia,2008,2.5104660987854004
ARM,AM,Armenia,2009,-15.571267127990724
ARM,AM,Armenia,2010,-0.6285601258277893
ARM,AM,Armenia,2011,3.4979560375213623
ARM,AM,Armenia,2012,5.756943225860596
ARM,AM,Armenia,2013,2.570104122161865
ARM,AM,Armenia,2014,4.255825996398926
ARM,AM,Armenia,2015,5.877385139465332
ARM,AM,Armenia,2016,3.7637808322906494
ARM,AM,Armenia,2017,5.722689628601074
ARM,AM,Armenia,2018,3.5791149139404297
AUS,AU,Australia,1980,-1.634412169456482
AUS,AU,Australia,1981,0.1747883558273315
AUS,AU,Australia,1982,-1.380664587020874
AUS,AU,Australia,1983,-0.7329018712043762
AUS,AU,Australia,1984,2.6098198890686035
AUS,AU,Australia,1985,1.087378978729248
AUS,AU,Australia,1986,-2.0487489700317383
AUS,AU,Australia,1987,1.896416187286377
AUS,AU,Australia,1988,-0.1396811008453369
AUS,AU,Australia,1989,0.0693351179361343
AUS,AU,Australia,1990,-0.8141340613365173
AUS,AU,Australia,1991,-0.1912434846162796
AUS,AU,Australia,1992,2.0082812309265137
AUS,AU,Australia,1993,2.524821758270264
AUS,AU,Australia,1994,1.2162539958953855
AUS,AU,Australia,1995,-1.2657047510147097
AUS,AU,Australia,1996,1.283461093902588
AUS,AU,Australia,1997,1.8548762798309328
AUS,AU,Australia,1998,1.358015537261963
AUS,AU,Australia,1999,0.939105987548828
AUS,AU,Australia,2000,-0.5140196084976196
AUS,AU,Australia,2001,-0.1496823579072952
AUS,AU,Australia,2002,0.913918137550354
AUS,AU,Australia,2003,-0.991641640663147
AUS,AU,Australia,2004,0.8893539905548096
AUS,AU,Australia,2005,-1.743525505065918
AUS,AU,Australia,2006,-1.034567952156067
AUS,AU,Australia,2007,-0.2117744088172912
AUS,AU,Australia,2008,-0.6544252634048462
AUS,AU,Australia,2009,-0.3449018001556396
AUS,AU,Australia,2010,-0.2546451687812805
AUS,AU,Australia,2011,-0.2334657907485962
AUS,AU,Australia,2012,1.2663862705230713
AUS,AU,Australia,2013,0.3088755011558532
AUS,AU,Australia,2014,0.8757856488227844
AUS,AU,Australia,2015,0.3358392417430877
AUS,AU,Australia,2016,1.4603945016860962
AUS,AU,Australia,2017,0.2086845785379409
AUS,AU,Australia,2018,0.3149641156196594
AUT,AT,Austria,1980,-0.9057061672210692
AUT,AT,Austria,1981,-1.7290436029434204
AUT,AT,Austria,1982,1.5771619081497192
AUT,AT,Austria,1983,2.1650044918060303
AUT,AT,Austria,1984,-1.0934187173843384
AUT,AT,Austria,1985,0.9324886202812196
AUT,AT,Austria,1986,0.7508491277694702
AUT,AT,Austria,1987,0.0082186385989189
AUT,AT,Austria,1988,1.1563174724578855
AUT,AT,Austria,1989,1.3924016952514648
AUT,AT,Austria,1990,1.2794791460037231
AUT,AT,Austria,1991,0.8203818798065186
AUT,AT,Austria,1992,0.2242134809494018
AUT,AT,Austria,1993,-0.477677971124649
AUT,AT,Austria,1994,0.9404597878456116
AUT,AT,Austria,1995,1.4679771661758425
AUT,AT,Austria,1996,0.5929122567176819
AUT,AT,Austria,1997,0.1593505144119262
AUT,AT,Austria,1998,1.3106616735458374
AUT,AT,Austria,1999,0.9598440527915956
AUT,AT,Austria,2000,1.1355377435684204
AUT,AT,Austria,2001,-0.696464478969574
AUT,AT,Austria,2002,0.4432703554630279
AUT,AT,Austria,2003,-0.7247542142868042
AUT,AT,Austria,2004,1.140716791152954
AUT,AT,Austria,2005,0.3746337890625
AUT,AT,Austria,2006,1.226333498954773
AUT,AT,Austria,2007,1.3447182178497314
AUT,AT,Austria,2008,-0.9075452089309692
AUT,AT,Austria,2009,-4.38648796081543
AUT,AT,Austria,2010,0.5536226630210876
AUT,AT,Austria,2011,1.036146640777588
AUT,AT,Austria,2012,-0.7719915509223938
AUT,AT,Austria,2013,-1.0434311628341677
AUT,AT,Austria,2014,-0.6747248768806458
AUT,AT,Austria,2015,-0.1457280665636062
AUT,AT,Austria,2016,0.3642167747020721
AUT,AT,Austria,2017,0.4134403765201568
AUT,AT,Austria,2018,0.3825209140777588
AZE,AZ,Azerbaijan,1991,-1.2828962802886963
AZE,AZ,Azerbaijan,1992,-25.393678665161133
AZE,AZ,Azerbaijan,1993,-24.916643142700195
AZE,AZ,Azerbaijan,1994,-18.75230598449707
AZE,AZ,Azerbaijan,1995,-10.08574676513672
AZE,AZ,Azerbaijan,1996,0.8414967656135559
AZE,AZ,Azerbaijan,1997,5.600804328918457
AZE,AZ,Azerbaijan,1998,6.178342342376709
AZE,AZ,Azerbaijan,1999,0.9508625268936156
AZE,AZ,Azerbaijan,2000,4.351292610168457
AZE,AZ,Azerbaijan,2001,3.515885353088379
AZE,AZ,Azerbaijan,2002,-0.2881893217563629
AZE,AZ,Azerbaijan,2003,-3.9254846572875977
AZE,AZ,Azerbaijan,2004,-6.6971540451049805
AZE,AZ,Azerbaijan,2005,17.777469635009766
AZE,AZ,Azerbaijan,2006,24.1291446685791
AZE,AZ,Azerbaijan,2007,17.005146026611328
AZE,AZ,Azerbaijan,2008,4.604682922363281
AZE,AZ,Azerbaijan,2009,2.5701863765716557
AZE,AZ,Azerbaijan,2010,3.4482038021087646
AZE,AZ,Azerbaijan,2011,-6.406803607940674
AZE,AZ,Azerbaijan,2012,-4.375519275665283
AZE,AZ,Azerbaijan,2013,-1.5726062059402466
AZE,AZ,Azerbaijan,2014,-2.4410998821258545
AZE,AZ,Azerbaijan,2015,-3.2376856803894043
AZE,AZ,Azerbaijan,2016,-4.134157657623291
AZE,AZ,Azerbaijan,2017,-1.7293392419815063
AZE,AZ,Azerbaijan,2018,-2.671398639678955
BDI,BI,Burundi,1981,7.856739044189453
BDI,BI,Burundi,1982,-4.846608638763428
BDI,BI,Burundi,1983,-0.7966182231903076
BDI,BI,Burundi,1984,-4.516646862030029
BDI,BI,Burundi,1985,6.865571975708008
BDI,BI,Burundi,1986,-0.1166234835982322
BDI,BI,Burundi,1987,0.9662072658538818
BDI,BI,Burundi,1988,1.8848797082901
BDI,BI,Burundi,1989,-3.1168923377990723
BDI,BI,Burundi,1990,14.55579948425293
BDI,BI,Burundi,1991,7.230830192565918
BDI,BI,Burundi,1992,1.4425901174545288
BDI,BI,Burundi,1993,-19.459142684936523
BDI,BI,Burundi,1994,-3.6066277027130127
BDI,BI,Burundi,1995,-4.052244663238525
BDI,BI,Burundi,1996,-9.046162605285645
BDI,BI,Burundi,1997,-18.29344367980957
BDI,BI,Burundi,1998,0.5602107644081116
BDI,BI,Burundi,1999,-16.00731658935547
BDI,BI,Burundi,2000,20.379972457885746
BDI,BI,Burundi,2001,-4.500466346740723
BDI,BI,Burundi,2002,8.653972625732422
BDI,BI,Burundi,2003,-16.583131790161133
BDI,BI,Burundi,2004,-3.0036182403564453
BDI,BI,Burundi,2005,18.08234596252441
BDI,BI,Burundi,2006,-22.742507934570312
BDI,BI,Burundi,2007,-3.635586023330689
BDI,BI,Burundi,2008,1.372242450714111
BDI,BI,Burundi,2009,1.4572291374206543
BDI,BI,Burundi,2010,2.6567485332489014
BDI,BI,Burundi,2011,2.113516092300415
BDI,BI,Burundi,2012,2.6345033645629883
BDI,BI,Burundi,2013,3.014143466949463
BDI,BI,Burundi,2014,1.8939030170440676
BDI,BI,Burundi,2015,-6.662613391876221
BDI,BI,Burundi,2016,-3.058119058609009
BDI,BI,Burundi,2017,-1.579586148262024
BDI,BI,Burundi,2018,-2.400210380554199
BEL,BE,Belgium,1980,2.48440933227539
BEL,BE,Belgium,1981,-0.2803967297077179
BEL,BE,Belgium,1982,0.3416377305984497
BEL,BE,Belgium,1983,0.1515973359346389
BEL,BE,Belgium,1984,1.379848837852478
BEL,BE,Belgium,1985,0.3165812790393829
BEL,BE,Belgium,1986,0.4047143161296844
BEL,BE,Belgium,1987,0.7889977693557739
BEL,BE,Belgium,1988,2.0035858154296875
BEL,BE,Belgium,1989,0.7021283507347107
BEL,BE,Belgium,1990,0.5828378200531006
BEL,BE,Belgium,1991,0.0332100503146648
BEL,BE,Belgium,1992,0.0827518180012703
BEL,BE,Belgium,1993,-1.75696861743927
BEL,BE,Belgium,1994,2.210507392883301
BEL,BE,Belgium,1995,0.0663400888442993
BEL,BE,Belgium,1996,-0.1006366536021232
BEL,BE,Belgium,1997,1.927731990814209
BEL,BE,Belgium,1998,-0.6172334551811218
BEL,BE,Belgium,1999,1.0753740072250366
BEL,BE,Belgium,2000,0.844070553779602
BEL,BE,Belgium,2001,-1.3395447731018066
BEL,BE,Belgium,2002,0.6298485398292542
BEL,BE,Belgium,2003,0.060707826167345
BEL,BE,Belgium,2004,1.7052546739578247
BEL,BE,Belgium,2005,0.0232125911861658
BEL,BE,Belgium,2006,0.83530193567276
BEL,BE,Belgium,2007,1.467462182044983
BEL,BE,Belgium,2008,-1.730405330657959
BEL,BE,Belgium,2009,-2.57214093208313
BEL,BE,Belgium,2010,1.8091109991073608
BEL,BE,Belgium,2011,0.0683758556842804
BEL,BE,Belgium,2012,-0.1932408958673477
BEL,BE,Belgium,2013,0.0777768194675445
BEL,BE,Belgium,2014,0.4812125265598297
BEL,BE,Belgium,2015,0.5717874765396118
BEL,BE,Belgium,2016,-0.2476392984390258
BEL,BE,Belgium,2017,0.1811304986476898
BEL,BE,Belgium,2018,-0.2259782254695892
BEN,BJ,Benin,1981,6.046713352203369
BEN,BJ,Benin,1982,-3.180004358291626
BEN,BJ,Benin,1983,-7.206493854522705
BEN,BJ,Benin,1984,5.812349796295166
BEN,BJ,Benin,1985,6.039445400238037
BEN,BJ,Benin,1986,-0.3311328887939453
BEN,BJ,Benin,1987,-4.400589466094971
BEN,BJ,Benin,1988,0.8749464154243469
BEN,BJ,Benin,1989,-5.606777191162109
BEN,BJ,Benin,1990,5.228633880615234
BEN,BJ,Benin,1991,0.5502091646194458
BEN,BJ,Benin,1992,-0.8201560974121094
BEN,BJ,Benin,1993,1.5982894897460938
BEN,BJ,Benin,1994,-1.8718737363815308
BEN,BJ,Benin,1995,2.529210329055786
BEN,BJ,Benin,1996,1.1641781330108645
BEN,BJ,Benin,1997,2.0703251361846924
BEN,BJ,Benin,1998,0.0785137265920639
BEN,BJ,Benin,1999,1.5960763692855835
BEN,BJ,Benin,2000,2.5177457332611084
BEN,BJ,Benin,2001,1.8855680227279663
BEN,BJ,Benin,2002,1.602509379386902
BEN,BJ,Benin,2003,-0.1906573921442031
BEN,BJ,Benin,2004,0.9635162949562072
BEN,BJ,Benin,2005,-1.1970329284667969
BEN,BJ,Benin,2006,1.0844340324401855
BEN,BJ,Benin,2007,2.0371885299682617
BEN,BJ,Benin,2008,1.0805577039718628
BEN,BJ,Benin,2009,-1.3942410945892334
BEN,BJ,Benin,2010,-1.6233291625976562
BEN,BJ,Benin,2011,-0.8412578701972961
BEN,BJ,Benin,2012,-0.2279372811317443
BEN,BJ,Benin,2013,0.2545062601566314
BEN,BJ,Benin,2014,0.2270658314228058
BEN,BJ,Benin,2015,-3.092724561691284
BEN,BJ,Benin,2016,-0.8941655158996582
BEN,BJ,Benin,2017,0.1634588986635208
BEN,BJ,Benin,2018,0.6990126967430115
BFA,BF,Burkina Faso,1980,-3.9101035594940186
BFA,BF,Burkina Faso,1981,-0.5276783108711243
BFA,BF,Burkina Faso,1982,4.226791858673096
BFA,BF,Burkina Faso,1983,-3.1742446422576904
BFA,BF,Burkina Faso,1984,-6.293978691101074
BFA,BF,Burkina Faso,1985,3.290161371231079
BFA,BF,Burkina Faso,1986,3.39255952835083
BFA,BF,Burkina Faso,1987,-4.5651140213012695
BFA,BF,Burkina Faso,1988,1.3753374814987185
BFA,BF,Burkina Faso,1989,-2.201120376586914
BFA,BF,Burkina Faso,1990,-4.62168550491333
BFA,BF,Burkina Faso,1991,4.242058277130127
BFA,BF,Burkina Faso,1992,-3.8889453411102295
BFA,BF,Burkina Faso,1993,-0.2877818644046783
BFA,BF,Burkina Faso,1994,-5.632883548736572
BFA,BF,Burkina Faso,1995,3.5311279296875
BFA,BF,Burkina Faso,1996,8.361381530761719
BFA,BF,Burkina Faso,1997,3.838289022445679
BFA,BF,Burkina Faso,1998,4.991147518157959
BFA,BF,Burkina Faso,1999,6.042251586914063
BFA,BF,Burkina Faso,2000,0.416829764842987
BFA,BF,Burkina Faso,2001,3.996747255325317
BFA,BF,Burkina Faso,2002,1.781009316444397
BFA,BF,Burkina Faso,2003,5.7992119789123535
BFA,BF,Burkina Faso,2004,1.5397545099258425
BFA,BF,Burkina Faso,2005,3.3070762157440186
BFA,BF,Burkina Faso,2006,2.8015387058258057
BFA,BF,Burkina Faso,2007,1.0773242712020874
BFA,BF,Burkina Faso,2008,-1.188202738761902
BFA,BF,Burkina Faso,2009,-2.772938966751098
BFA,BF,Burkina Faso,2010,-3.5102667808532715
BFA,BF,Burkina Faso,2011,-2.5001137256622314
BFA,BF,Burkina Faso,2012,-5.79879903793335
BFA,BF,Burkina Faso,2013,-7.153400897979736
BFA,BF,Burkina Faso,2014,-6.266096115112305
BFA,BF,Burkina Faso,2015,-3.650496482849121
BFA,BF,Burkina Faso,2016,-3.2945053577423096
BFA,BF,Burkina Faso,2017,-1.8016455173492432
BFA,BF,Burkina Faso,2018,-3.011415481567383
BGR,BG,Bulgaria,1980,0.8826493620872498
BGR,BG,Bulgaria,1981,0.185818612575531
BGR,BG,Bulgaria,1982,-1.5130631923675537
BGR,BG,Bulgaria,1983,0.1902152746915817
BGR,BG,Bulgaria,1984,0.7399070262908936
BGR,BG,Bulgaria,1985,-0.1012809947133064
BGR,BG,Bulgaria,1986,0.9842848181724548
BGR,BG,Bulgaria,1987,2.769066572189331
BGR,BG,Bulgaria,1988,6.930644035339356
BGR,BG,Bulgaria,1989,-5.486849308013916
BGR,BG,Bulgaria,1990,-7.1389641761779785
BGR,BG,Bulgaria,1991,-2.110479593276977
BGR,BG,Bulgaria,1992,-3.127915620803833
BGR,BG,Bulgaria,1993,0.2346343994140625
BGR,BG,Bulgaria,1994,2.2029500007629395
BGR,BG,Bulgaria,1995,2.3465468883514404
BGR,BG,Bulgaria,1996,0.1678249835968017
BGR,BG,Bulgaria,1997,-1.3640761375427246
BGR,BG,Bulgaria,1998,3.950590133666992
BGR,BG,Bulgaria,1999,-10.604897499084473
BGR,BG,Bulgaria,2000,1.646572470664978
BGR,BG,Bulgaria,2001,-1.207318663597107
BGR,BG,Bulgaria,2002,0.7009387612342834
BGR,BG,Bulgaria,2003,-1.3253669738769531
BGR,BG,Bulgaria,2004,0.4280270040035248
BGR,BG,Bulgaria,2005,-0.4277908205986023
BGR,BG,Bulgaria,2006,-0.6054435968399048
BGR,BG,Bulgaria,2007,-0.4921469688415527
BGR,BG,Bulgaria,2008,-1.8132444620132449
BGR,BG,Bulgaria,2009,-5.963513851165772
BGR,BG,Bulgaria,2010,1.0141373872756958
BGR,BG,Bulgaria,2011,0.944701611995697
BGR,BG,Bulgaria,2012,-0.7098612785339355
BGR,BG,Bulgaria,2013,-1.18428373336792
BGR,BG,Bulgaria,2014,-0.2409006804227829
BGR,BG,Bulgaria,2015,1.5799968242645264
BGR,BG,Bulgaria,2016,2.402477741241455
BGR,BG,Bulgaria,2017,1.6650702953338623
BGR,BG,Bulgaria,2018,1.6995420455932615
BHR,BH,Bahrain,1980,-6.2300214767456055
BHR,BH,Bahrain,1981,-11.414496421813965
BHR,BH,Bahrain,1982,-14.242424964904783
BHR,BH,Bahrain,1983,-2.611722707748413
BHR,BH,Bahrain,1984,-3.4418156147003174
BHR,BH,Bahrain,1985,-7.792651176452637
BHR,BH,Bahrain,1986,-1.3793220520019531
BHR,BH,Bahrain,1987,7.751693248748779
BHR,BH,Bahrain,1988,3.828100442886353
BHR,BH,Bahrain,1989,-3.3757357597351074
BHR,BH,Bahrain,1990,0.6914327144622803
BHR,BH,Bahrain,1991,6.462779521942139
BHR,BH,Bahrain,1992,2.360506296157837
BHR,BH,Bahrain,1993,7.898499488830566
BHR,BH,Bahrain,1994,-3.7125165462493896
BHR,BH,Bahrain,1995,1.3462580442428589
BHR,BH,Bahrain,1996,1.920537114143372
BHR,BH,Bahrain,1997,0.2366932183504104
BHR,BH,Bahrain,1998,1.7727441787719729
BHR,BH,Bahrain,1999,-0.4784082472324371
BHR,BH,Bahrain,2000,0.6005091667175293
BHR,BH,Bahrain,2001,-1.9053709506988523
BHR,BH,Bahrain,2002,-2.196080207824707
BHR,BH,Bahrain,2003,-0.4053724408149719
BHR,BH,Bahrain,2004,0.759571373462677
BHR,BH,Bahrain,2005,-1.518263578414917
BHR,BH,Bahrain,2006,-1.5209697484970093
BHR,BH,Bahrain,2007,-2.411761999130249
BHR,BH,Bahrain,2008,-4.802340030670166
BHR,BH,Bahrain,2009,-5.143103122711182
BHR,BH,Bahrain,2010,-0.1783167421817779
BHR,BH,Bahrain,2011,-0.8799428343772888
BHR,BH,Bahrain,2012,-1.4707988500595093
BHR,BH,Bahrain,2013,-0.6202834248542786
BHR,BH,Bahrain,2014,-0.1938672065734863
BHR,BH,Bahrain,2015,-1.8499380350112915
BHR,BH,Bahrain,2016,-2.0133209228515625
BHR,BH,Bahrain,2017,0.6298153400421143
BHR,BH,Bahrain,2018,-1.6002799272537231
BHS,BS,"Bahamas, The",1991,-13.797111511230469
BHS,BS,"Bahamas, The",1992,-6.227038383483887
BHS,BS,"Bahamas, The",1993,-2.497091054916382
BHS,BS,"Bahamas, The",1994,1.0244930982589722
BHS,BS,"Bahamas, The",1995,-0.0046686101704835
BHS,BS,"Bahamas, The",1996,1.089688777923584
BHS,BS,"Bahamas, The",1997,-4.272640705108643
BHS,BS,"Bahamas, The",1998,-2.4596972465515137
BHS,BS,"Bahamas, The",1999,1.8418548107147217
BHS,BS,"Bahamas, The",2000,-1.161425232887268
BHS,BS,"Bahamas, The",2001,-1.7074254751205444
BHS,BS,"Bahamas, The",2002,0.4327900111675262
BHS,BS,"Bahamas, The",2003,-3.5043816566467285
BHS,BS,"Bahamas, The",2004,-2.11795973777771
BHS,BS,"Bahamas, The",2005,-0.6467434763908386
BHS,BS,"Bahamas, The",2006,-3.937108278274536
BHS,BS,"Bahamas, The",2007,-3.284874677658081
BHS,BS,"Bahamas, The",2008,-5.316237449645996
BHS,BS,"Bahamas, The",2009,-3.70992374420166
BHS,BS,"Bahamas, The",2010,-0.7404409050941467
BHS,BS,"Bahamas, The",2011,-2.491434097290039
BHS,BS,"Bahamas, The",2012,-0.9566763639450072
BHS,BS,"Bahamas, The",2013,-4.409266948699951
BHS,BS,"Bahamas, The",2014,-3.4810924530029297
BHS,BS,"Bahamas, The",2015,-2.34819769859314
BHS,BS,"Bahamas, The",2016,-1.2928131818771362
BHS,BS,"Bahamas, The",2017,-3.155978202819824
BHS,BS,"Bahamas, The",2018,-0.6866402626037598
BIH,BA,Bosnia and Herzegovina,2001,0.730812132358551
BIH,BA,Bosnia and Herzegovina,2002,1.5540008544921875
BIH,BA,Bosnia and Herzegovina,2003,0.0083538684993982
BIH,BA,Bosnia and Herzegovina,2004,2.614931583404541
BIH,BA,Bosnia and Herzegovina,2005,4.012239456176758
BIH,BA,Bosnia and Herzegovina,2006,2.490312337875366
BIH,BA,Bosnia and Herzegovina,2007,-1.3234565258026123
BIH,BA,Bosnia and Herzegovina,2008,-1.8377528190612795
BIH,BA,Bosnia and Herzegovina,2009,-2.6683907508850098
BIH,BA,Bosnia and Herzegovina,2010,0.6050037741661072
BIH,BA,Bosnia and Herzegovina,2011,0.1916892379522323
BIH,BA,Bosnia and Herzegovina,2012,-2.519034147262573
BIH,BA,Bosnia and Herzegovina,2013,0.7826594710350037
BIH,BA,Bosnia and Herzegovina,2014,0.6736459136009216
BIH,BA,Bosnia and Herzegovina,2015,1.1742312908172607
BIH,BA,Bosnia and Herzegovina,2016,3.7212071418762207
BIH,BA,Bosnia and Herzegovina,2017,-0.0711760371923446
BIH,BA,Bosnia and Herzegovina,2018,0.8816484212875366
BLR,BY,Belarus,1991,-1.445157527923584
BLR,BY,Belarus,1992,-9.506153106689451
BLR,BY,Belarus,1993,-7.5407938957214355
BLR,BY,Belarus,1994,-10.997105598449709
BLR,BY,Belarus,1995,-7.016882419586182
BLR,BY,Belarus,1996,3.477487325668335
BLR,BY,Belarus,1997,10.60013198852539
BLR,BY,Belarus,1998,4.97695779800415
BLR,BY,Belarus,1999,2.1686038970947266
BLR,BY,Belarus,2000,4.687288284301758
BLR,BY,Belarus,2001,4.653139591217041
BLR,BY,Belarus,2002,5.396516799926758
BLR,BY,Belarus,2003,6.903122901916504
BLR,BY,Belarus,2004,9.24219036102295
BLR,BY,Belarus,2005,5.575567722320557
BLR,BY,Belarus,2006,3.32835054397583
BLR,BY,Belarus,2007,2.5986905097961426
BLR,BY,Belarus,2008,2.805328607559204
BLR,BY,Belarus,2009,-5.174045085906982
BLR,BY,Belarus,2010,2.9081504344940186
BLR,BY,Belarus,2011,1.5276538133621216
BLR,BY,Belarus,2012,-0.0794481188058853
BLR,BY,Belarus,2013,-1.3551398515701294
BLR,BY,Belarus,2014,0.0400464572012424
BLR,BY,Belarus,2015,-4.470266819000244
BLR,BY,Belarus,2016,-2.183302640914917
BLR,BY,Belarus,2017,2.475261688232422
BLR,BY,Belarus,2018,2.4438564777374268
BOL,BO,Bolivia,1980,-3.899173021316528
BOL,BO,Bolivia,1981,-1.897087335586548
BOL,BO,Bolivia,1982,-3.881350040435791
BOL,BO,Bolivia,1983,-5.65884256362915
BOL,BO,Bolivia,1984,-5.516220569610596
BOL,BO,Bolivia,1985,-1.5361896753311155
BOL,BO,Bolivia,1986,-3.181338310241699
BOL,BO,Bolivia,1987,-0.1382833123207092
BOL,BO,Bolivia,1988,2.695755958557129
BOL,BO,Bolivia,1989,0.1841217577457428
BOL,BO,Bolivia,1990,-0.0346416905522346
BOL,BO,Bolivia,1991,0.6320754289627075
BOL,BO,Bolivia,1992,-2.5920777320861816
BOL,BO,Bolivia,1993,0.4928264021873474
BOL,BO,Bolivia,1994,-0.1496189832687378
BOL,BO,Bolivia,1995,1.0125755071640017
BOL,BO,Bolivia,1996,-0.1505949646234512
BOL,BO,Bolivia,1997,-0.6671116352081299
BOL,BO,Bolivia,1998,-0.783661425113678
BOL,BO,Bolivia,1999,-4.623745918273926
BOL,BO,Bolivia,2000,-2.6933159828186035
BOL,BO,Bolivia,2001,-1.2372374534606934
BOL,BO,Bolivia,2002,-1.689045786857605
BOL,BO,Bolivia,2003,-1.1477762460708618
BOL,BO,Bolivia,2004,-1.230544924736023
BOL,BO,Bolivia,2005,1.3770389556884766
BOL,BO,Bolivia,2006,1.2177417278289795
BOL,BO,Bolivia,2007,0.1004253849387168
BOL,BO,Bolivia,2008,1.0751047134399414
BOL,BO,Bolivia,2009,-0.9009782075881958
BOL,BO,Bolivia,2010,-0.4333738088607788
BOL,BO,Bolivia,2011,0.0754466578364372
BOL,BO,Bolivia,2012,2.782839059829712
BOL,BO,Bolivia,2013,1.987342357635498
BOL,BO,Bolivia,2014,-1.05255389213562
BOL,BO,Bolivia,2015,3.8550755977630615
BOL,BO,Bolivia,2016,-2.2736082077026367
BOL,BO,Bolivia,2017,2.1914713382720947
BOL,BO,Bolivia,2018,0.1896873116493225
BRA,BR,Brazil,1980,5.441900253295898
BRA,BR,Brazil,1981,-9.880241394042969
BRA,BR,Brazil,1982,-4.6921067237854
BRA,BR,Brazil,1983,-5.4915266036987305
BRA,BR,Brazil,1984,1.4166561365127563
BRA,BR,Brazil,1985,1.60684335231781
BRA,BR,Brazil,1986,3.299672365188598
BRA,BR,Brazil,1987,-0.5908073782920837
BRA,BR,Brazil,1988,-3.848811626434326
BRA,BR,Brazil,1989,0.2530622482299804
BRA,BR,Brazil,1990,-5.956431865692139
BRA,BR,Brazil,1991,-0.6539321541786194
BRA,BR,Brazil,1992,-2.2899773120880127
BRA,BR,Brazil,1993,2.411123991012573
BRA,BR,Brazil,1994,2.0320539474487305
BRA,BR,Brazil,1995,0.2337472885847091
BRA,BR,Brazil,1996,0.4598484933376312
BRA,BR,Brazil,1997,-0.4116533398628235
BRA,BR,Brazil,1998,-2.189453363418579
BRA,BR,Brazil,1999,-4.630800724029541
BRA,BR,Brazil,2000,0.4002448916435241
BRA,BR,Brazil,2001,-1.4948186874389648
BRA,BR,Brazil,2002,-1.0602495670318604
BRA,BR,Brazil,2003,-1.7792959213256836
BRA,BR,Brazil,2004,0.7790830135345459
BRA,BR,Brazil,2005,-0.753102719783783
BRA,BR,Brazil,2006,0.0171246789395809
BRA,BR,Brazil,2007,2.394944429397583
BRA,BR,Brazil,2008,1.2582160234451294
BRA,BR,Brazil,2009,-3.122589349746704
BRA,BR,Brazil,2010,3.626353025436402
BRA,BR,Brazil,2011,-0.695898711681366
BRA,BR,Brazil,2012,-1.7969961166381836
BRA,BR,Brazil,2013,-0.815772294998169
BRA,BR,Brazil,2014,-3.422628402709961
BRA,BR,Brazil,2015,-3.65462064743042
BRA,BR,Brazil,2016,-3.6731693744659424
BRA,BR,Brazil,2017,-0.1859832555055618
BRA,BR,Brazil,2018,-0.9215537309646606
BWA,BW,Botswana,1981,-1.7000693082809448
BWA,BW,Botswana,1982,2.268676519393921
BWA,BW,Botswana,1983,5.189395427703857
BWA,BW,Botswana,1984,2.2083911895751958
BWA,BW,Botswana,1985,-0.3325841724872589
BWA,BW,Botswana,1986,0.990881085395813
BWA,BW,Botswana,1987,5.102480411529541
BWA,BW,Botswana,1988,9.817989349365234
BWA,BW,Botswana,1989,-1.388281226158142
BWA,BW,Botswana,1990,-5.190297603607178
BWA,BW,Botswana,1991,-2.595651865005493
BWA,BW,Botswana,1992,-3.5233073234558105
BWA,BW,Botswana,1993,-3.470144748687744
BWA,BW,Botswana,1994,-0.7877313494682312
BWA,BW,Botswana,1995,1.0750516653060913
BWA,BW,Botswana,1996,0.7946898341178894
BWA,BW,Botswana,1997,1.4790735244750977
BWA,BW,Botswana,1998,-6.71046781539917
BWA,BW,Botswana,1999,1.376739501953125
BWA,BW,Botswana,2000,-5.260820388793945
BWA,BW,Botswana,2001,-5.520085334777832
BWA,BW,Botswana,2002,0.1120551824569702
BWA,BW,Botswana,2003,-1.19937264919281
BWA,BW,Botswana,2004,-4.130620002746582
BWA,BW,Botswana,2005,-2.1180732250213623
BWA,BW,Botswana,2006,1.2324317693710327
BWA,BW,Botswana,2007,1.3917559385299685
BWA,BW,Botswana,2008,0.0195004120469093
BWA,BW,Botswana,2009,-13.765216827392578
BWA,BW,Botswana,2010,5.114785194396973
BWA,BW,Botswana,2011,-1.8149516582489011
BWA,BW,Botswana,2012,-3.275702476501465
BWA,BW,Botswana,2013,4.324718475341797
BWA,BW,Botswana,2014,-0.7743595838546753
BWA,BW,Botswana,2015,-6.913034439086914
BWA,BW,Botswana,2016,-0.8188148736953735
BWA,BW,Botswana,2017,-1.0032635927200315
BWA,BW,Botswana,2018,0.2753821909427643
CAF,CF,Central African Republic,1981,-0.9985250234603882
CAF,CF,Central African Republic,1982,9.436302185058594
CAF,CF,Central African Republic,1983,-8.531654357910156
CAF,CF,Central African Republic,1984,9.42262363433838
CAF,CF,Central African Republic,1985,1.753028154373169
CAF,CF,Central African Republic,1986,1.9537657499313357
CAF,CF,Central African Republic,1987,-6.08159875869751
CAF,CF,Central African Republic,1988,1.6573985815048218
CAF,CF,Central African Republic,1989,1.1089094877243042
CAF,CF,Central African Republic,1990,-3.810192346572876
CAF,CF,Central African Republic,1991,-2.502556562423706
CAF,CF,Central African Republic,1992,-8.655343055725098
CAF,CF,Central African Republic,1993,-0.8856865763664246
CAF,CF,Central African Republic,1994,2.389889717102051
CAF,CF,Central African Republic,1995,3.620580673217773
CAF,CF,Central African Republic,1996,-3.556394338607788
CAF,CF,Central African Republic,1997,5.209972381591797
CAF,CF,Central African Republic,1998,4.40040397644043
CAF,CF,Central African Republic,1999,1.430688977241516
CAF,CF,Central African Republic,2000,-3.8482160568237305
CAF,CF,Central African Republic,2001,3.6461174488067623
CAF,CF,Central African Republic,2002,3.0736544132232666
CAF,CF,Central African Republic,2003,-4.692928314208984
CAF,CF,Central African Republic,2004,6.2918477058410645
CAF,CF,Central African Republic,2005,0.0341755226254463
CAF,CF,Central African Republic,2006,4.686253070831299
CAF,CF,Central African Republic,2007,3.1623966693878174
CAF,CF,Central African Republic,2008,0.9039942622184752
CAF,CF,Central African Republic,2009,7.40213680267334
CAF,CF,Central African Republic,2010,3.112143039703369
CAF,CF,Central African Republic,2011,3.03694486618042
CAF,CF,Central African Republic,2012,3.3319203853607178
CAF,CF,Central African Republic,2013,-44.1080322265625
CAF,CF,Central African Republic,2014,-0.9413098692893982
CAF,CF,Central African Republic,2015,3.713545560836792
CAF,CF,Central African Republic,2016,3.858033657073975
CAF,CF,Central African Republic,2017,3.214311122894287
CAF,CF,Central African Republic,2018,3.185972213745117
CAN,CA,Canada,1980,-1.969831466674805
CAN,CA,Canada,1981,-0.9070559740066528
CAN,CA,Canada,1982,-2.2766306400299072
CAN,CA,Canada,1983,1.5784584283828735
CAN,CA,Canada,1984,3.207804918289185
CAN,CA,Canada,1985,1.0924780368804932
CAN,CA,Canada,1986,-1.2597230672836304
CAN,CA,Canada,1987,0.6676694750785828
CAN,CA,Canada,1988,0.358359158039093
CAN,CA,Canada,1989,-1.069898247718811
CAN,CA,Canada,1990,-1.7908910512924194
CAN,CA,Canada,1991,-2.392423391342163
CAN,CA,Canada,1992,0.3882811665534973
CAN,CA,Canada,1993,1.1145834922790527
CAN,CA,Canada,1994,1.989418387413025
CAN,CA,Canada,1995,0.3105596303939819
CAN,CA,Canada,1996,-0.5802603363990784
CAN,CA,Canada,1997,1.06560480594635
CAN,CA,Canada,1998,-0.9144224524497986
CAN,CA,Canada,1999,0.2466936707496643
CAN,CA,Canada,2000,1.482216477394104
CAN,CA,Canada,2001,-0.8320812582969666
CAN,CA,Canada,2002,0.3304174840450287
CAN,CA,Canada,2003,0.9656431078910828
CAN,CA,Canada,2004,1.265092372894287
CAN,CA,Canada,2005,2.289462089538574
CAN,CA,Canada,2006,1.3526926040649414
CAN,CA,Canada,2007,3.713271141052246
CAN,CA,Canada,2008,-1.129555106163025
CAN,CA,Canada,2009,-2.7638731002807617
CAN,CA,Canada,2010,1.2381187677383425
CAN,CA,Canada,2011,1.4295854568481443
CAN,CA,Canada,2012,0.2382471263408661
CAN,CA,Canada,2013,0.7705863118171692
CAN,CA,Canada,2014,1.8675222396850584
CAN,CA,Canada,2015,-0.5261762738227844
CAN,CA,Canada,2016,0.0916006490588188
CAN,CA,Canada,2017,1.246495008468628
CAN,CA,Canada,2018,0.6527491211891174
CHE,CH,Switzerland,1980,1.4451825618743896
CHE,CH,Switzerland,1981,-1.367750644683838
CHE,CH,Switzerland,1982,-2.737304925918579
CHE,CH,Switzerland,1983,-0.5128476619720459
CHE,CH,Switzerland,1984,1.050296187400818
CHE,CH,Switzerland,1985,1.012012958526611
CHE,CH,Switzerland,1986,-1.0964781045913696
CHE,CH,Switzerland,1987,-1.6630357503890991
CHE,CH,Switzerland,1988,-0.1955653429031372
CHE,CH,Switzerland,1989,0.9230958223342896
CHE,CH,Switzerland,1990,-0.1026836857199668
CHE,CH,Switzerland,1991,-3.3666718006134038
CHE,CH,Switzerland,1992,-0.2252059131860733
CHE,CH,Switzerland,1993,-0.2155770063400268
CHE,CH,Switzerland,1994,0.9785629510879515
CHE,CH,Switzerland,1995,-0.448512464761734
CHE,CH,Switzerland,1996,-0.2732822895050049
CHE,CH,Switzerland,1997,1.2248084545135498
CHE,CH,Switzerland,1998,0.6580924391746521
CHE,CH,Switzerland,1999,-0.3476340770721435
CHE,CH,Switzerland,2000,1.879164218902588
CHE,CH,Switzerland,2001,-0.935209333896637
CHE,CH,Switzerland,2002,-1.3272583484649658
CHE,CH,Switzerland,2003,-0.5080544352531433
CHE,CH,Switzerland,2004,1.6229095458984375
CHE,CH,Switzerland,2005,1.6104881763458252
CHE,CH,Switzerland,2006,1.340021014213562
CHE,CH,Switzerland,2007,1.0669716596603394
CHE,CH,Switzerland,2008,-0.5442528128623962
CHE,CH,Switzerland,2009,-3.170727252960205
CHE,CH,Switzerland,2010,2.0310981273651123
CHE,CH,Switzerland,2011,-0.7354101538658142
CHE,CH,Switzerland,2012,-1.0336040258407593
CHE,CH,Switzerland,2013,0.2598018646240234
CHE,CH,Switzerland,2014,0.3937599658966064
CHE,CH,Switzerland,2015,-0.5115644335746765
CHE,CH,Switzerland,2016,-0.1247468888759613
CHE,CH,Switzerland,2017,0.1833673119544983
CHE,CH,Switzerland,2018,1.184407353401184
CHL,CL,Chile,1980,2.251768112182617
CHL,CL,Chile,1981,2.106146335601806
CHL,CL,Chile,1982,-9.256592750549316
CHL,CL,Chile,1983,-8.797622680664062
CHL,CL,Chile,1984,0.503757894039154
CHL,CL,Chile,1985,-0.6626867651939392
CHL,CL,Chile,1986,0.971807599067688
CHL,CL,Chile,1987,1.9806303977966309
CHL,CL,Chile,1988,1.5931334495544434
CHL,CL,Chile,1989,3.233874797821045
CHL,CL,Chile,1990,-0.7951399683952332
CHL,CL,Chile,1991,4.22692346572876
CHL,CL,Chile,1992,5.058446884155273
CHL,CL,Chile,1993,-0.0995009467005729
CHL,CL,Chile,1994,0.8913198113441467
CHL,CL,Chile,1995,3.2605788707733154
CHL,CL,Chile,1996,1.2029012441635132
CHL,CL,Chile,1997,1.09483003616333
CHL,CL,Chile,1998,-1.7181938886642456
CHL,CL,Chile,1999,-3.1009886264801025
CHL,CL,Chile,2000,0.9442353248596193
CHL,CL,Chile,2001,-1.1778388023376465
CHL,CL,Chile,2002,-1.7566121816635132
CHL,CL,Chile,2003,-2.521106243133545
CHL,CL,Chile,2004,2.095247745513916
CHL,CL,Chile,2005,-1.4096755981445312
CHL,CL,Chile,2006,1.245377540588379
CHL,CL,Chile,2007,-1.6329655647277832
CHL,CL,Chile,2008,-5.014960289001465
CHL,CL,Chile,2009,-5.102717399597168
CHL,CL,Chile,2010,-2.505169630050659
CHL,CL,Chile,2011,-0.3305354416370392
CHL,CL,Chile,2012,0.522270143032074
CHL,CL,Chile,2013,-0.0712632238864898
CHL,CL,Chile,2014,-1.0998915433883667
CHL,CL,Chile,2015,-0.157865434885025
CHL,CL,Chile,2016,-0.1870855838060379
CHL,CL,Chile,2017,-0.8490474224090576
CHL,CL,Chile,2018,1.999347448348999
CHN,CN,China,1980,0.3681683838367462
CHN,CN,China,1981,-1.2655282020568848
CHN,CN,China,1982,2.8380725383758545
CHN,CN,China,1983,5.344076633453369
CHN,CN,China,1984,9.785009384155272
CHN,CN,China,1985,7.945688247680664
CHN,CN,China,1986,4.372849941253662
CHN,CN,China,1987,7.070610046386719
CHN,CN,China,1988,5.836380481719971
CHN,CN,China,1989,-0.057836290448904
CHN,CN,China,1990,0.3127010762691498
CHN,CN,China,1991,4.760063648223877
CHN,CN,China,1992,8.868574142456055
CHN,CN,China,1993,7.83741569519043
CHN,CN,China,1994,6.525391578674316
CHN,CN,China,1995,4.858647346496582
CHN,CN,China,1996,3.8929853439331055
CHN,CN,China,1997,3.3810956478118896
CHN,CN,China,1998,1.691968321800232
CHN,CN,China,1999,1.6377675533294678
CHN,CN,China,2000,2.669356107711792
CHN,CN,China,2001,2.673302412033081
CHN,CN,China,2002,3.0360705852508545
CHN,CN,China,2003,3.5686726570129395
CHN,CN,China,2004,3.7545485496521
CHN,CN,China,2005,4.8613057136535645
CHN,CN,China,2006,6.570677280426025
CHN,CN,China,2007,8.170942306518555
CHN,CN,China,2008,4.073040962219238
CHN,CN,China,2009,3.090724229812622
CHN,CN,China,2010,4.4801130294799805
CHN,CN,China,2011,3.540891170501709
CHN,CN,China,2012,2.202147483825684
CHN,CN,China,2013,2.4936087131500244
CHN,CN,China,2014,2.5429563522338867
CHN,CN,China,2015,2.545447587966919
CHN,CN,China,2016,2.676424026489258
CHN,CN,China,2017,3.132035732269287
CHN,CN,China,2018,3.263558387756348
CIV,CI,Cote d'Ivoire,1980,-17.172203063964844
CIV,CI,Cote d'Ivoire,1981,-1.3412894010543823
CIV,CI,Cote d'Ivoire,1982,-3.7124316692352295
CIV,CI,Cote d'Ivoire,1983,-6.710587978363037
CIV,CI,Cote d'Ivoire,1984,-4.553591251373291
CIV,CI,Cote d'Ivoire,1985,2.534901857376098
CIV,CI,Cote d'Ivoire,1986,1.1258094310760498
CIV,CI,Cote d'Ivoire,1987,-2.2004339694976807
CIV,CI,Cote d'Ivoire,1988,-0.6274865865707397
CIV,CI,Cote d'Ivoire,1989,0.7255331873893738
CIV,CI,Cote d'Ivoire,1990,-3.300944805145264
CIV,CI,Cote d'Ivoire,1991,-2.8179311752319336
CIV,CI,Cote d'Ivoire,1992,-2.0536556243896484
CIV,CI,Cote d'Ivoire,1993,-1.8520402908325195
CIV,CI,Cote d'Ivoire,1994,-0.3711617887020111
CIV,CI,Cote d'Ivoire,1995,3.9489593505859375
CIV,CI,Cote d'Ivoire,1996,4.055957794189453
CIV,CI,Cote d'Ivoire,1997,0.835393488407135
CIV,CI,Cote d'Ivoire,1998,-0.6291525959968567
CIV,CI,Cote d'Ivoire,1999,-1.311640381813049
CIV,CI,Cote d'Ivoire,2000,-3.80538558959961
CIV,CI,Cote d'Ivoire,2001,-0.3189572989940643
CIV,CI,Cote d'Ivoire,2002,-2.540572166442871
CIV,CI,Cote d'Ivoire,2003,-2.013580560684204
CIV,CI,Cote d'Ivoire,2004,0.2524810433387756
CIV,CI,Cote d'Ivoire,2005,0.7735501527786255
CIV,CI,Cote d'Ivoire,2006,0.0912838205695152
CIV,CI,Cote d'Ivoire,2007,-0.6293601989746094
CIV,CI,Cote d'Ivoire,2008,0.5030977129936218
CIV,CI,Cote d'Ivoire,2009,1.363695740699768
CIV,CI,Cote d'Ivoire,2010,-0.9215786457061768
CIV,CI,Cote d'Ivoire,2011,-5.4462175369262695
CIV,CI,Cote d'Ivoire,2012,7.322454452514648
CIV,CI,Cote d'Ivoire,2013,2.747300148010254
CIV,CI,Cote d'Ivoire,2014,3.592002868652344
CIV,CI,Cote d'Ivoire,2015,3.1867899894714355
CIV,CI,Cote d'Ivoire,2016,2.569883108139038
CIV,CI,Cote d'Ivoire,2017,1.834198236465454
CIV,CI,Cote d'Ivoire,2018,1.1458606719970703
CMR,CM,Cameroon,1980,-9.565622329711914
CMR,CM,Cameroon,1981,8.26998233795166
CMR,CM,Cameroon,1982,0.0281488373875617
CMR,CM,Cameroon,1983,-0.1685249209403991
CMR,CM,Cameroon,1984,0.7372298240661621
CMR,CM,Cameroon,1985,2.331636905670166
CMR,CM,Cameroon,1986,2.295717477798462
CMR,CM,Cameroon,1987,-4.351140975952148
CMR,CM,Cameroon,1988,-10.643864631652832
CMR,CM,Cameroon,1989,-3.621039628982544
CMR,CM,Cameroon,1990,-7.748033046722412
CMR,CM,Cameroon,1991,-4.807741165161133
CMR,CM,Cameroon,1992,-3.741291522979736
CMR,CM,Cameroon,1993,-9.985861778259276
CMR,CM,Cameroon,1994,-0.810609757900238
CMR,CM,Cameroon,1995,1.915283799171448
CMR,CM,Cameroon,1996,1.848460078239441
CMR,CM,Cameroon,1997,-0.0166270192712545
CMR,CM,Cameroon,1998,0.1189178824424743
CMR,CM,Cameroon,1999,-0.119201436638832
CMR,CM,Cameroon,2000,-0.2003684490919113
CMR,CM,Cameroon,2001,-2.4200339317321777
CMR,CM,Cameroon,2002,-3.702577829360962
CMR,CM,Cameroon,2003,-1.483179211616516
CMR,CM,Cameroon,2004,-0.9612826704978944
CMR,CM,Cameroon,2005,-4.975212574005127
CMR,CM,Cameroon,2006,-4.019545555114746
CMR,CM,Cameroon,2007,4.360167503356934
CMR,CM,Cameroon,2008,-7.356664180755615
CMR,CM,Cameroon,2009,-4.686986923217773
CMR,CM,Cameroon,2010,-2.306694984436035
CMR,CM,Cameroon,2011,-1.211384415626526
CMR,CM,Cameroon,2012,0.9010099768638612
CMR,CM,Cameroon,2013,1.7885112762451172
CMR,CM,Cameroon,2014,1.5279295444488523
CMR,CM,Cameroon,2015,1.7992832660675049
CMR,CM,Cameroon,2016,0.5200292468070984
CMR,CM,Cameroon,2017,-0.544404149055481
CMR,CM,Cameroon,2018,-0.0205126088112592
COL,CO,Colombia,1980,-1.079363226890564
COL,CO,Colombia,1981,-3.906349658966065
COL,CO,Colombia,1982,-3.1960835456848145
COL,CO,Colombia,1983,-1.3648666143417358
COL,CO,Colombia,1984,0.3136789202690124
COL,CO,Colombia,1985,-0.0538275986909866
COL,CO,Colombia,1986,1.7435877323150637
COL,CO,Colombia,1987,0.4533441364765167
COL,CO,Colombia,1988,-0.2890638411045074
COL,CO,Colombia,1989,-0.9487027525901794
COL,CO,Colombia,1990,1.0810177326202393
COL,CO,Colombia,1991,-2.76298451423645
COL,CO,Colombia,1992,1.2101044654846191
COL,CO,Colombia,1993,-0.8895761370658875
COL,CO,Colombia,1994,0.1529270112514495
COL,CO,Colombia,1995,-0.2977088093757629
COL,CO,Colombia,1996,-1.4207347631454468
COL,CO,Colombia,1997,-0.2871211767196655
COL,CO,Colombia,1998,-1.914883017539978
COL,CO,Colombia,1999,-4.778152942657471
COL,CO,Colombia,2000,-1.127538561820984
COL,CO,Colombia,2001,-0.2768594026565552
COL,CO,Colombia,2002,0.5115322470664978
COL,CO,Colombia,2003,0.0400355346500873
COL,CO,Colombia,2004,3.179565191268921
COL,CO,Colombia,2005,0.9894248247146606
COL,CO,Colombia,2006,3.919520378112793
COL,CO,Colombia,2007,2.535433053970337
COL,CO,Colombia,2008,-0.8918818235397339
COL,CO,Colombia,2009,-4.14188289642334
COL,CO,Colombia,2010,-0.3483565747737884
COL,CO,Colombia,2011,2.176431655883789
COL,CO,Colombia,2012,-0.8190315961837769
COL,CO,Colombia,2013,0.8968130946159363
COL,CO,Colombia,2014,0.6402528882026672
COL,CO,Colombia,2015,-0.98960942029953
COL,CO,Colombia,2016,-0.3335632979869842
COL,CO,Colombia,2017,-1.0796223878860474
COL,CO,Colombia,2018,0.5283426642417908
CPV,CV,Cabo Verde,2000,9.258254051208496
CPV,CV,Cabo Verde,2001,-4.630558013916016
CPV,CV,Cabo Verde,2002,-0.5202385187149048
CPV,CV,Cabo Verde,2003,-2.553161144256592
CPV,CV,Cabo Verde,2004,2.9420461654663086
CPV,CV,Cabo Verde,2005,1.7654969692230225
CPV,CV,Cabo Verde,2006,0.9366942048072816
CPV,CV,Cabo Verde,2007,6.849443435668945
CPV,CV,Cabo Verde,2008,-0.7886515855789185
CPV,CV,Cabo Verde,2009,-6.8514275550842285
CPV,CV,Cabo Verde,2010,-3.7703821659088135
CPV,CV,Cabo Verde,2011,-2.39489221572876
CPV,CV,Cabo Verde,2012,-2.27524209022522
CPV,CV,Cabo Verde,2013,-2.504585266113281
CPV,CV,Cabo Verde,2014,-3.499324083328247
CPV,CV,Cabo Verde,2015,-1.7072992324829102
CPV,CV,Cabo Verde,2016,0.3294788300991058
CPV,CV,Cabo Verde,2017,0.1972613334655761
CPV,CV,Cabo Verde,2018,2.6052258014678955
CRI,CR,Costa Rica,1980,-4.020261287689209
CRI,CR,Costa Rica,1981,-3.966863870620728
CRI,CR,Costa Rica,1982,-9.17738437652588
CRI,CR,Costa Rica,1983,-0.461044579744339
CRI,CR,Costa Rica,1984,3.1817822456359863
CRI,CR,Costa Rica,1985,-2.959308862686157
CRI,CR,Costa Rica,1986,1.286299705505371
CRI,CR,Costa Rica,1987,-0.3511862158775329
CRI,CR,Costa Rica,1988,-0.979272961616516
CRI,CR,Costa Rica,1989,0.2711007595062256
CRI,CR,Costa Rica,1990,-0.9551519751548768
CRI,CR,Costa Rica,1991,0.4509103000164032
CRI,CR,Costa Rica,1992,3.560242891311645
CRI,CR,Costa Rica,1993,0.4140246212482452
CRI,CR,Costa Rica,1994,-1.2211109399795532
CRI,CR,Costa Rica,1995,-0.6623844504356384
CRI,CR,Costa Rica,1996,-0.5538141131401062
CRI,CR,Costa Rica,1997,-1.9104245901107788
CRI,CR,Costa Rica,1998,-0.6604636311531067
CRI,CR,Costa Rica,1999,0.0823189988732338
CRI,CR,Costa Rica,2000,0.0946720689535141
CRI,CR,Costa Rica,2001,-2.0634472370147705
CRI,CR,Costa Rica,2002,-0.1342459172010421
CRI,CR,Costa Rica,2003,0.0512522086501121
CRI,CR,Costa Rica,2004,1.3097065687179563
CRI,CR,Costa Rica,2005,-2.34499192237854
CRI,CR,Costa Rica,2006,3.460263252258301
CRI,CR,Costa Rica,2007,2.3584110736846924
CRI,CR,Costa Rica,2008,1.2798373699188232
CRI,CR,Costa Rica,2009,-1.315483808517456
CRI,CR,Costa Rica,2010,3.8854379653930655
CRI,CR,Costa Rica,2011,3.126506328582764
CRI,CR,Costa Rica,2012,-2.4618074893951416
CRI,CR,Costa Rica,2013,-0.7837071418762207
CRI,CR,Costa Rica,2014,0.247055783867836
CRI,CR,Costa Rica,2015,1.6736775636672974
CRI,CR,Costa Rica,2016,3.568886995315552
CRI,CR,Costa Rica,2017,-0.2015337347984314
CRI,CR,Costa Rica,2018,-1.2090035676956177
CYP,CY,Cyprus,1980,-0.1585182845592498
CYP,CY,Cyprus,1981,-1.4005793333053589
CYP,CY,Cyprus,1982,1.8421930074691768
CYP,CY,Cyprus,1983,1.891410231590271
CYP,CY,Cyprus,1984,2.8283536434173584
CYP,CY,Cyprus,1985,0.3865989744663238
CYP,CY,Cyprus,1986,1.6638106107711792
CYP,CY,Cyprus,1987,3.5389158725738525
CYP,CY,Cyprus,1988,3.612917423248291
CYP,CY,Cyprus,1989,2.3292160034179688
CYP,CY,Cyprus,1990,3.305434226989746
CYP,CY,Cyprus,1991,-1.6674880981445312
CYP,CY,Cyprus,1992,3.513227701187134
CYP,CY,Cyprus,1993,-1.268879532814026
CYP,CY,Cyprus,1994,3.228990316390991
CYP,CY,Cyprus,1995,4.188191890716553
CYP,CY,Cyprus,1996,-0.4118495881557464
CYP,CY,Cyprus,1997,0.6204042434692383
CYP,CY,Cyprus,1998,4.398609638214111
CYP,CY,Cyprus,1999,2.456855058670044
CYP,CY,Cyprus,2000,3.595390558242798
CYP,CY,Cyprus,2001,1.6553266048431396
CYP,CY,Cyprus,2002,1.106581211090088
CYP,CY,Cyprus,2003,-0.4402632415294647
CYP,CY,Cyprus,2004,1.5172449350357056
CYP,CY,Cyprus,2005,1.4568016529083252
CYP,CY,Cyprus,2006,1.2900241613388062
CYP,CY,Cyprus,2007,0.3915169239044189
CYP,CY,Cyprus,2008,-0.9978504776954652
CYP,CY,Cyprus,2009,-4.0437421798706055
CYP,CY,Cyprus,2010,-0.0983263179659843
CYP,CY,Cyprus,2011,-0.9411510229110718
CYP,CY,Cyprus,2012,-2.449108600616455
CYP,CY,Cyprus,2013,-3.899976968765259
CYP,CY,Cyprus,2014,-0.7423305511474609
CYP,CY,Cyprus,2015,2.311069965362549
CYP,CY,Cyprus,2016,2.756100654602051
CYP,CY,Cyprus,2017,-0.1542254239320755
CYP,CY,Cyprus,2018,-0.0192475821822881
CZE,CZ,Czechia,1995,3.0377659797668457
CZE,CZ,Czechia,1996,-1.2939480543136597
CZE,CZ,Czechia,1997,-3.653879642486572
CZE,CZ,Czechia,1998,-33.25785446166992
CZE,CZ,Czechia,1999,0.4268929958343506
CZE,CZ,Czechia,2000,2.15388560295105
CZE,CZ,Czechia,2001,1.0691419839859009
CZE,CZ,Czechia,2002,-0.2942964732646942
CZE,CZ,Czechia,2003,2.554914712905884
CZE,CZ,Czechia,2004,3.436249017715454
CZE,CZ,Czechia,2005,3.786372661590576
CZE,CZ,Czechia,2006,4.3154497146606445
CZE,CZ,Czechia,2007,2.403318405151367
CZE,CZ,Czechia,2008,-0.2153437286615371
CZE,CZ,Czechia,2009,-4.822227954864502
CZE,CZ,Czechia,2010,2.000050544738769
CZE,CZ,Czechia,2011,1.0973126888275146
CZE,CZ,Czechia,2012,-1.5678526163101196
CZE,CZ,Czechia,2013,-1.0624068975448608
CZE,CZ,Czechia,2014,1.902687788009644
CZE,CZ,Czechia,2015,3.5308406352996826
CZE,CZ,Czechia,2016,0.9021562933921814
CZE,CZ,Czechia,2017,2.718381643295288
CZE,CZ,Czechia,2018,1.1988252401351929
DEU,DE,Germany,1980,-1.463898777961731
DEU,DE,Germany,1981,-1.1983654499053955
DEU,DE,Germany,1982,-1.2639391422271729
DEU,DE,Germany,1983,0.7311127781867981
DEU,DE,Germany,1984,1.2800041437149048
DEU,DE,Germany,1985,0.4849825501441955
DEU,DE,Germany,1986,0.2457441389560699
DEU,DE,Germany,1987,-0.3354615271091461
DEU,DE,Germany,1988,1.821208357810974
DEU,DE,Germany,1989,1.7117010354995728
DEU,DE,Germany,1990,3.64249038696289
DEU,DE,Germany,1991,4.923553466796875
DEU,DE,Germany,1992,1.4472659826278689
DEU,DE,Germany,1993,-1.0412318706512451
DEU,DE,Germany,1994,1.4352092742919922
DEU,DE,Germany,1995,0.3046360611915588
DEU,DE,Germany,1996,-0.1885947585105896
DEU,DE,Germany,1997,0.7648809552192688
DEU,DE,Germany,1998,-0.0119450483471155
DEU,DE,Germany,1999,-0.5308460593223572
DEU,DE,Germany,2000,0.0184946823865175
DEU,DE,Germany,2001,0.8396775722503662
DEU,DE,Germany,2002,-0.6011025309562683
DEU,DE,Germany,2003,-0.5683906674385071
DEU,DE,Germany,2004,0.3804972767829895
DEU,DE,Germany,2005,0.0884842425584793
DEU,DE,Germany,2006,2.4080827236175537
DEU,DE,Germany,2007,0.9787161946296692
DEU,DE,Germany,2008,-0.6660386919975281
DEU,DE,Germany,2009,-6.2461771965026855
DEU,DE,Germany,2010,3.4175808429718018
DEU,DE,Germany,2011,2.48482346534729
DEU,DE,Germany,2012,-0.7177388072013855
DEU,DE,Germany,2013,-0.2891091704368591
DEU,DE,Germany,2014,1.237503170967102
DEU,DE,Germany,2015,0.6397596001625061
DEU,DE,Germany,2016,0.8400964140892029
DEU,DE,Germany,2017,0.9572672843933104
DEU,DE,Germany,2018,0.1196110770106315
DNK,DK,Denmark,1980,-1.7824718952178955
DNK,DK,Denmark,1981,-0.722244143486023
DNK,DK,Denmark,1982,2.1042981147766118
DNK,DK,Denmark,1983,1.162951111793518
DNK,DK,Denmark,1984,1.5469292402267456
DNK,DK,Denmark,1985,0.6035993099212646
DNK,DK,Denmark,1986,1.049168825149536
DNK,DK,Denmark,1987,-2.214601993560791
DNK,DK,Denmark,1988,-0.9946271777153016
DNK,DK,Denmark,1989,-0.6371461153030396
DNK,DK,Denmark,1990,0.3092398643493652
DNK,DK,Denmark,1991,0.5835976600646973
DNK,DK,Denmark,1992,1.1939045190811155
DNK,DK,Denmark,1993,-0.132039874792099
DNK,DK,Denmark,1994,2.6244781017303467
DNK,DK,Denmark,1995,1.0479305982589722
DNK,DK,Denmark,1996,0.5877714157104492
DNK,DK,Denmark,1997,0.4396415948867798
DNK,DK,Denmark,1998,-0.7348255515098572
DNK,DK,Denmark,1999,0.5423603653907776
DNK,DK,Denmark,2000,1.5606240034103394
DNK,DK,Denmark,2001,-1.2504487037658691
DNK,DK,Denmark,2002,-0.8405834436416626
DNK,DK,Denmark,2003,-0.0735770314931869
DNK,DK,Denmark,2004,1.873720645904541
DNK,DK,Denmark,2005,0.2759824097156524
DNK,DK,Denmark,2006,0.914397954940796
DNK,DK,Denmark,2007,-1.926435470581055
DNK,DK,Denmark,2008,-2.3517515659332275
DNK,DK,Denmark,2009,-3.7377312183380127
DNK,DK,Denmark,2010,3.024834632873535
DNK,DK,Denmark,2011,0.9795804619789124
DNK,DK,Denmark,2012,0.2204632610082626
DNK,DK,Denmark,2013,0.3973725140094757
DNK,DK,Denmark,2014,0.4631357192993164
DNK,DK,Denmark,2015,0.7636716961860657
DNK,DK,Denmark,2016,1.4220730066299438
DNK,DK,Denmark,2017,0.1157465130090713
DNK,DK,Denmark,2018,0.389868289232254
DOM,DO,Dominican Republic,1980,1.4594378471374512
DOM,DO,Dominican Republic,1981,-1.0168805122375488
DOM,DO,Dominican Republic,1982,-2.1446757316589355
DOM,DO,Dominican Republic,1983,0.1202521845698356
DOM,DO,Dominican Republic,1984,-3.4141738414764404
DOM,DO,Dominican Republic,1985,-6.586771011352539
DOM,DO,Dominican Republic,1986,-1.048496961593628
DOM,DO,Dominican Republic,1987,4.415132999420166
DOM,DO,Dominican Republic,1988,-2.3268775939941406
DOM,DO,Dominican Republic,1989,-0.4980358481407165
DOM,DO,Dominican Republic,1990,-9.532081604003906
DOM,DO,Dominican Republic,1991,-2.07636833190918
DOM,DO,Dominican Republic,1992,7.132571697235107
DOM,DO,Dominican Republic,1993,3.0700578689575195
DOM,DO,Dominican Republic,1994,-1.765937089920044
DOM,DO,Dominican Republic,1995,1.542333960533142
DOM,DO,Dominican Republic,1996,1.808993577957153
DOM,DO,Dominican Republic,1997,3.905755281448364
DOM,DO,Dominican Republic,1998,0.3787276744842529
DOM,DO,Dominican Republic,1999,0.9958749413490297
DOM,DO,Dominican Republic,2000,-0.5750322937965393
DOM,DO,Dominican Republic,2001,-2.089082956314087
DOM,DO,Dominican Republic,2002,-1.1553328037261963
DOM,DO,Dominican Republic,2003,-4.845428466796875
DOM,DO,Dominican Republic,2004,-1.1781002283096311
DOM,DO,Dominican Republic,2005,5.267408847808838
DOM,DO,Dominican Republic,2006,2.699292659759521
DOM,DO,Dominican Republic,2007,2.3912837505340576
DOM,DO,Dominican Republic,2008,-3.3316447734832764
DOM,DO,Dominican Republic,2009,-2.007688522338867
DOM,DO,Dominican Republic,2010,2.3521270751953125
DOM,DO,Dominican Republic,2011,-2.287026882171631
DOM,DO,Dominican Republic,2012,-1.053254008293152
DOM,DO,Dominican Republic,2013,1.2325812578201294
DOM,DO,Dominican Republic,2014,2.4030890464782715
DOM,DO,Dominican Republic,2015,2.143984794616699
DOM,DO,Dominican Republic,2016,1.0160722732543943
DOM,DO,Dominican Republic,2017,-0.1796607971191406
DOM,DO,Dominican Republic,2018,1.5953693389892578
ECU,EC,Ecuador,1980,-2.976485013961792
ECU,EC,Ecuador,1981,0.2507815957069397
ECU,EC,Ecuador,1982,-4.094048023223877
ECU,EC,Ecuador,1983,-3.31307053565979
ECU,EC,Ecuador,1984,-1.0179113149642944
ECU,EC,Ecuador,1985,0.0964863821864128
ECU,EC,Ecuador,1986,-1.069280743598938
ECU,EC,Ecuador,1987,-4.790675163269043
ECU,EC,Ecuador,1988,2.800273895263672
ECU,EC,Ecuador,1989,-1.6109123229980469
ECU,EC,Ecuador,1990,1.129918932914734
ECU,EC,Ecuador,1991,1.6475775241851809
ECU,EC,Ecuador,1992,-0.6789711117744446
ECU,EC,Ecuador,1993,-0.5626674890518188
ECU,EC,Ecuador,1994,1.337548851966858
ECU,EC,Ecuador,1995,-0.4352565109729767
ECU,EC,Ecuador,1996,-0.7948449850082397
ECU,EC,Ecuador,1997,1.3085298538208008
ECU,EC,Ecuador,1998,-1.963531494140625
ECU,EC,Ecuador,1999,-6.945876598358154
ECU,EC,Ecuador,2000,-1.6343073844909668
ECU,EC,Ecuador,2001,0.2960953712463379
ECU,EC,Ecuador,2002,0.4061082899570465
ECU,EC,Ecuador,2003,-1.018746852874756
ECU,EC,Ecuador,2004,1.1496822834014893
ECU,EC,Ecuador,2005,-0.0028959538321942
ECU,EC,Ecuador,2006,-1.711810827255249
ECU,EC,Ecuador,2007,-1.7599133253097534
ECU,EC,Ecuador,2008,1.2745258808135986
ECU,EC,Ecuador,2009,-2.325969934463501
ECU,EC,Ecuador,2010,0.1300652027130127
ECU,EC,Ecuador,2011,3.776719331741333
ECU,EC,Ecuador,2012,1.2935248613357544
ECU,EC,Ecuador,2013,3.723052263259888
ECU,EC,Ecuador,2014,2.829479455947876
ECU,EC,Ecuador,2015,-1.987390756607056
ECU,EC,Ecuador,2016,-2.106281280517578
ECU,EC,Ecuador,2017,1.5259429216384888
ECU,EC,Ecuador,2018,2.169123888015747
EGY,EG,"Egypt, Arab Rep.",1980,-9.445894241333008
EGY,EG,"Egypt, Arab Rep.",1981,0.2098109573125839
EGY,EG,"Egypt, Arab Rep.",1982,-5.410576820373535
EGY,EG,"Egypt, Arab Rep.",1983,-2.349463939666748
EGY,EG,"Egypt, Arab Rep.",1984,2.206705093383789
EGY,EG,"Egypt, Arab Rep.",1985,1.844398856163025
EGY,EG,"Egypt, Arab Rep.",1986,0.759206235408783
EGY,EG,"Egypt, Arab Rep.",1987,0.317604124546051
EGY,EG,"Egypt, Arab Rep.",1988,2.400846242904663
EGY,EG,"Egypt, Arab Rep.",1989,0.973548173904419
EGY,EG,"Egypt, Arab Rep.",1990,-0.2819276750087738
EGY,EG,"Egypt, Arab Rep.",1991,-1.3796321153640747
EGY,EG,"Egypt, Arab Rep.",1992,1.663329839706421
EGY,EG,"Egypt, Arab Rep.",1993,0.3346655368804931
EGY,EG,"Egypt, Arab Rep.",1994,-0.1847451031208038
EGY,EG,"Egypt, Arab Rep.",1995,0.3215844929218292
EGY,EG,"Egypt, Arab Rep.",1996,-0.5313964486122131
EGY,EG,"Egypt, Arab Rep.",1997,-1.7702245712280271
EGY,EG,"Egypt, Arab Rep.",1998,-1.0372416973114014
EGY,EG,"Egypt, Arab Rep.",1999,-0.1671799719333648
EGY,EG,"Egypt, Arab Rep.",2000,-0.6672719717025757
EGY,EG,"Egypt, Arab Rep.",2001,-2.7095847129821777
EGY,EG,"Egypt, Arab Rep.",2002,-2.069159030914306
EGY,EG,"Egypt, Arab Rep.",2003,-0.0604084357619285
EGY,EG,"Egypt, Arab Rep.",2004,-2.218260765075684
EGY,EG,"Egypt, Arab Rep.",2005,-0.619022011756897
EGY,EG,"Egypt, Arab Rep.",2006,-0.1157741397619247
EGY,EG,"Egypt, Arab Rep.",2007,-4.647828102111816
EGY,EG,"Egypt, Arab Rep.",2008,-3.0066208839416504
EGY,EG,"Egypt, Arab Rep.",2009,-2.571997880935669
EGY,EG,"Egypt, Arab Rep.",2010,-1.331539750099182
EGY,EG,"Egypt, Arab Rep.",2011,-5.193239212036133
EGY,EG,"Egypt, Arab Rep.",2012,-0.7665913701057434
EGY,EG,"Egypt, Arab Rep.",2013,-0.0268137659877538
EGY,EG,"Egypt, Arab Rep.",2014,2.142524480819702
EGY,EG,"Egypt, Arab Rep.",2015,0.760015070438385
EGY,EG,"Egypt, Arab Rep.",2016,0.0975222289562225
EGY,EG,"Egypt, Arab Rep.",2017,0.3563829660415649
EGY,EG,"Egypt, Arab Rep.",2018,2.8435873985290527
ESP,ES,Spain,1980,2.013773202896118
ESP,ES,Spain,1981,-0.2396916002035141
ESP,ES,Spain,1982,0.1740767508745193
ESP,ES,Spain,1983,0.4523483216762543
ESP,ES,Spain,1984,1.880030632019043
ESP,ES,Spain,1985,1.4364397525787354
ESP,ES,Spain,1986,0.0027960420120507
ESP,ES,Spain,1987,0.3670276701450348
ESP,ES,Spain,1988,0.4215483963489532
ESP,ES,Spain,1989,-0.1332244575023651
ESP,ES,Spain,1990,-1.1615114212036133
ESP,ES,Spain,1991,-0.5262426137924194
ESP,ES,Spain,1992,-0.1371116042137146
ESP,ES,Spain,1993,-0.6725185513496399
ESP,ES,Spain,1994,1.1416701078414917
ESP,ES,Spain,1995,-0.1923515200614929
ESP,ES,Spain,1996,0.0141796441748738
ESP,ES,Spain,1997,-0.4165035486221313
ESP,ES,Spain,1998,-0.4048329591751098
ESP,ES,Spain,1999,-0.5790818333625793
ESP,ES,Spain,2000,-0.0882981419563293
ESP,ES,Spain,2001,-0.2543775737285614
ESP,ES,Spain,2002,-0.8534256219863892
ESP,ES,Spain,2003,-1.1546112298965454
ESP,ES,Spain,2004,-1.3046257495880127
ESP,ES,Spain,2005,-1.235005497932434
ESP,ES,Spain,2006,-0.8028810620307922
ESP,ES,Spain,2007,-0.7520216107368469
ESP,ES,Spain,2008,-1.1771427392959597
ESP,ES,Spain,2009,-0.932230532169342
ESP,ES,Spain,2010,0.1336718052625656
ESP,ES,Spain,2011,-0.1368742138147354
ESP,ES,Spain,2012,-1.2788890600204468
ESP,ES,Spain,2013,-0.5877995491027832
ESP,ES,Spain,2014,-0.1820103079080581
ESP,ES,Spain,2015,0.94934344291687
ESP,ES,Spain,2016,0.3313088417053222
ESP,ES,Spain,2017,0.1392060965299606
ESP,ES,Spain,2018,-0.1524448245763778
EST,EE,Estonia,1991,-9.19074821472168
EST,EE,Estonia,1992,-23.101245880126957
EST,EE,Estonia,1993,-4.399698257446289
EST,EE,Estonia,1994,-3.762253761291504
EST,EE,Estonia,1995,3.7036399841308594
EST,EE,Estonia,1996,2.4857752323150635
EST,EE,Estonia,1997,9.879024505615234
EST,EE,Estonia,1998,2.234104871749878
EST,EE,Estonia,1999,0.4165518581867218
EST,EE,Estonia,2000,6.739715099334717
EST,EE,Estonia,2001,3.763983011245728
EST,EE,Estonia,2002,4.500026702880859
EST,EE,Estonia,2003,3.4009780883789062
EST,EE,Estonia,2004,4.533970832824707
EST,EE,Estonia,2005,5.340305805206299
EST,EE,Estonia,2006,3.0232303142547607
EST,EE,Estonia,2007,3.959131956100464
EST,EE,Estonia,2008,-7.255186557769775
EST,EE,Estonia,2009,-9.05905055999756
EST,EE,Estonia,2010,5.540265083312988
EST,EE,Estonia,2011,1.7653924226760864
EST,EE,Estonia,2012,0.2253509014844894
EST,EE,Estonia,2013,-1.0874252319335938
EST,EE,Estonia,2014,1.30597722530365
EST,EE,Estonia,2015,-0.9742293953895568
EST,EE,Estonia,2016,1.3299702405929563
EST,EE,Estonia,2017,2.431952953338623
EST,EE,Estonia,2018,2.754689216613769
FIN,FI,Finland,1980,1.33596932888031
FIN,FI,Finland,1981,-1.547886610031128
FIN,FI,Finland,1982,0.3069764375686645
FIN,FI,Finland,1983,0.831190288066864
FIN,FI,Finland,1984,0.922974705696106
FIN,FI,Finland,1985,1.370398759841919
FIN,FI,Finland,1986,0.9279208779335022
FIN,FI,Finland,1987,1.0499210357666016
FIN,FI,Finland,1988,2.122833490371704
FIN,FI,Finland,1989,1.803470492362976
FIN,FI,Finland,1990,-1.1804059743881226
FIN,FI,Finland,1991,-3.472240924835205
FIN,FI,Finland,1992,0.6953260898590088
FIN,FI,Finland,1993,2.714689254760742
FIN,FI,Finland,1994,4.232512474060059
FIN,FI,Finland,1995,2.0367915630340576
FIN,FI,Finland,1996,1.6814974546432495
FIN,FI,Finland,1997,2.7653284072875977
FIN,FI,Finland,1998,2.635866165161133
FIN,FI,Finland,1999,1.260992407798767
FIN,FI,Finland,2000,2.806123733520508
FIN,FI,Finland,2001,0.2216021865606308
FIN,FI,Finland,2002,-0.2249622642993927
FIN,FI,Finland,2003,0.5936611890792847
FIN,FI,Finland,2004,2.223241806030273
FIN,FI,Finland,2005,0.3770282566547394
FIN,FI,Finland,2006,1.4849733114242554
FIN,FI,Finland,2007,2.2958085536956787
FIN,FI,Finland,2008,-2.0733113288879395
FIN,FI,Finland,2009,-7.88906192779541
FIN,FI,Finland,2010,2.678496599197388
FIN,FI,Finland,2011,0.7793202996253967
FIN,FI,Finland,2012,-2.862560510635376
FIN,FI,Finland,2013,-1.1440629959106443
FIN,FI,Finland,2014,-0.7089418768882751
FIN,FI,Finland,2015,-0.0095277912914752
FIN,FI,Finland,2016,1.462055206298828
FIN,FI,Finland,2017,1.3826993703842163
FIN,FI,Finland,2018,-0.8401564955711365
FJI,FJ,Fiji,1981,0.4031377732753753
FJI,FJ,Fiji,1982,-10.778059005737305
FJI,FJ,Fiji,1983,-7.620129585266113
FJI,FJ,Fiji,1984,5.933679103851318
FJI,FJ,Fiji,1985,-7.32804012298584
FJI,FJ,Fiji,1986,6.261321067810059
FJI,FJ,Fiji,1987,-7.582018375396728
FJI,FJ,Fiji,1988,0.493217259645462
FJI,FJ,Fiji,1989,5.195912837982178
FJI,FJ,Fiji,1990,1.305046796798706
FJI,FJ,Fiji,1991,-5.397091388702393
FJI,FJ,Fiji,1992,4.694680690765381
FJI,FJ,Fiji,1993,-0.598697304725647
FJI,FJ,Fiji,1994,3.127673625946045
FJI,FJ,Fiji,1995,0.3862596452236175
FJI,FJ,Fiji,1996,4.077128410339356
FJI,FJ,Fiji,1997,-2.9518308639526367
FJI,FJ,Fiji,1998,-1.3248519897460938
FJI,FJ,Fiji,1999,6.551253318786621
FJI,FJ,Fiji,2000,-4.237508773803711
FJI,FJ,Fiji,2001,-1.0798425674438477
FJI,FJ,Fiji,2002,0.4004640579223633
FJI,FJ,Fiji,2003,-1.2902328968048096
FJI,FJ,Fiji,2004,3.4310593605041504
FJI,FJ,Fiji,2005,-1.912387728691101
FJI,FJ,Fiji,2006,-0.8107143044471741
FJI,FJ,Fiji,2007,-2.419227600097656
FJI,FJ,Fiji,2008,-3.08675479888916
FJI,FJ,Fiji,2009,-3.5505359172821045
FJI,FJ,Fiji,2010,0.6662036180496216
FJI,FJ,Fiji,2011,0.0662588477134704
FJI,FJ,Fiji,2012,1.840506911277771
FJI,FJ,Fiji,2013,1.8444552421569824
FJI,FJ,Fiji,2014,5.258989810943604
FJI,FJ,Fiji,2015,3.7188289165496826
FJI,FJ,Fiji,2016,1.2504286766052246
FJI,FJ,Fiji,2017,3.67191743850708
FJI,FJ,Fiji,2018,2.9889562129974365
FRA,FR,France,1980,-0.6685197949409485
FRA,FR,France,1981,-0.6273555755615234
FRA,FR,France,1982,0.6696301698684692
FRA,FR,France,1983,-0.1439982652664184
FRA,FR,France,1984,0.462808609008789
FRA,FR,France,1985,0.332619160413742
FRA,FR,France,1986,0.5334925055503845
FRA,FR,France,1987,0.4296729266643524
FRA,FR,France,1988,2.317237377166748
FRA,FR,France,1989,1.326728105545044
FRA,FR,France,1990,0.4621763229370117
FRA,FR,France,1991,-0.4271169602870941
FRA,FR,France,1992,0.8020210862159729
FRA,FR,France,1993,-0.8656008839607239
FRA,FR,France,1994,1.0725939273834229
FRA,FR,France,1995,0.502516508102417
FRA,FR,France,1996,0.0879137143492698
FRA,FR,France,1997,0.8599024415016174
FRA,FR,France,1998,1.2811813354492188
FRA,FR,France,1999,0.5578626394271851
FRA,FR,France,2000,0.9309639930725098
FRA,FR,France,2001,-0.3510850667953491
FRA,FR,France,2002,-0.3603225648403168
FRA,FR,France,2003,-0.3304550051689148
FRA,FR,France,2004,1.5428732633590698
FRA,FR,France,2005,0.0335545800626277
FRA,FR,France,2006,0.5185390114784241
FRA,FR,France,2007,0.1908786445856094
FRA,FR,France,2008,-1.300397515296936
FRA,FR,France,2009,-2.970402240753174
FRA,FR,France,2010,0.9683237075805664
FRA,FR,France,2011,0.7166240215301514
FRA,FR,France,2012,-0.8795740008354187
FRA,FR,France,2013,-0.4505868852138519
FRA,FR,France,2014,-0.3085933327674866
FRA,FR,France,2015,0.0241956021636724
FRA,FR,France,2016,-0.3775745630264282
FRA,FR,France,2017,0.4612871408462524
FRA,FR,France,2018,0.0055500394664704
GAB,GA,Gabon,1981,4.141322612762451
GAB,GA,Gabon,1982,-2.965408563613892
GAB,GA,Gabon,1983,4.873437404632568
GAB,GA,Gabon,1984,7.100871562957764
GAB,GA,Gabon,1985,-4.07179594039917
GAB,GA,Gabon,1986,1.938390135765076
GAB,GA,Gabon,1987,-3.634734630584717
GAB,GA,Gabon,1988,-5.5178632736206055
GAB,GA,Gabon,1989,8.99301815032959
GAB,GA,Gabon,1990,5.661367893218994
GAB,GA,Gabon,1991,4.730289936065674
GAB,GA,Gabon,1992,-3.832435131072998
GAB,GA,Gabon,1993,2.621631860733032
GAB,GA,Gabon,1994,1.8282610177993772
GAB,GA,Gabon,1995,2.6423227787017822
GAB,GA,Gabon,1996,0.6827647089958191
GAB,GA,Gabon,1997,0.4057988822460174
GAB,GA,Gabon,1998,-2.296931743621826
GAB,GA,Gabon,1999,-11.09960651397705
GAB,GA,Gabon,2000,-3.076676368713379
GAB,GA,Gabon,2001,0.620895266532898
GAB,GA,Gabon,2002,-4.060658931732178
GAB,GA,Gabon,2003,-0.8574609756469727
GAB,GA,Gabon,2004,2.6438839435577397
GAB,GA,Gabon,2005,5.091405391693115
GAB,GA,Gabon,2006,-5.001942157745361
GAB,GA,Gabon,2007,3.5541887283325195
GAB,GA,Gabon,2008,-6.090701103210449
GAB,GA,Gabon,2009,-1.6102806329727173
GAB,GA,Gabon,2010,2.21204137802124
GAB,GA,Gabon,2011,1.6097887754440308
GAB,GA,Gabon,2012,0.2177339345216751
GAB,GA,Gabon,2013,1.6419146060943604
GAB,GA,Gabon,2014,0.5585935711860657
GAB,GA,Gabon,2015,2.736898422241211
GAB,GA,Gabon,2016,1.235386848449707
GAB,GA,Gabon,2017,-0.0758776664733886
GAB,GA,Gabon,2018,-0.4645525813102722
GBR,GB,United Kingdom,1980,-3.2304718494415283
GBR,GB,United Kingdom,1981,-0.2818640172481537
GBR,GB,United Kingdom,1982,1.9632518291473389
GBR,GB,United Kingdom,1983,3.348538398742676
GBR,GB,United Kingdom,1984,-0.3669460415840149
GBR,GB,United Kingdom,1985,1.947115421295166
GBR,GB,United Kingdom,1986,1.3661439418792725
GBR,GB,United Kingdom,1987,2.4905002117156982
GBR,GB,United Kingdom,1988,1.7890654802322388
GBR,GB,United Kingdom,1989,-1.050281643867493
GBR,GB,United Kingdom,1990,-1.6759101152420044
GBR,GB,United Kingdom,1991,-0.9575982093811036
GBR,GB,United Kingdom,1992,0.3602048754692077
GBR,GB,United Kingdom,1993,1.6757084131240845
GBR,GB,United Kingdom,1994,1.5972272157669067
GBR,GB,United Kingdom,1995,1.1827278137207031
GBR,GB,United Kingdom,1996,0.1842148303985595
GBR,GB,United Kingdom,1997,1.1912708282470703
GBR,GB,United Kingdom,1998,1.1451719999313354
GBR,GB,United Kingdom,1999,0.8397040367126465
GBR,GB,United Kingdom,2000,0.9865676760673524
GBR,GB,United Kingdom,2001,1.107160568237305
GBR,GB,United Kingdom,2002,0.5538957118988037
GBR,GB,United Kingdom,2003,1.432686686515808
GBR,GB,United Kingdom,2004,0.51244056224823
GBR,GB,United Kingdom,2005,1.2288222312927246
GBR,GB,United Kingdom,2006,0.8557667136192322
GBR,GB,United Kingdom,2007,0.5176419615745544
GBR,GB,United Kingdom,2008,-1.8688430786132808
GBR,GB,United Kingdom,2009,-4.069672584533691
GBR,GB,United Kingdom,2010,1.0192409753799438
GBR,GB,United Kingdom,2011,0.6756967306137085
GBR,GB,United Kingdom,2012,0.2477546334266662
GBR,GB,United Kingdom,2013,0.8225218653678894
GBR,GB,United Kingdom,2014,0.4694592654705047
GBR,GB,United Kingdom,2015,0.5639034509658813
GBR,GB,United Kingdom,2016,0.2755837738513946
GBR,GB,United Kingdom,2017,0.5147133469581604
GBR,GB,United Kingdom,2018,-0.0402429550886154
GEO,GE,Georgia,1991,-19.580209732055664
GEO,GE,Georgia,1992,-46.801719665527344
GEO,GE,Georgia,1993,-27.7783203125
GEO,GE,Georgia,1994,-7.303584575653076
GEO,GE,Georgia,1995,6.579436302185059
GEO,GE,Georgia,1996,10.87908172607422
GEO,GE,Georgia,1997,10.099650382995604
GEO,GE,Georgia,1998,5.867312431335449
GEO,GE,Georgia,1999,2.311359167098999
GEO,GE,Georgia,2000,-2.022239923477173
GEO,GE,Georgia,2001,3.1730892658233643
GEO,GE,Georgia,2002,6.199385643005371
GEO,GE,Georgia,2003,9.974291801452637
GEO,GE,Georgia,2004,3.7205922603607178
GEO,GE,Georgia,2005,7.00455904006958
GEO,GE,Georgia,2006,6.427298545837402
GEO,GE,Georgia,2007,9.362486839294434
GEO,GE,Georgia,2008,4.3427910804748535
GEO,GE,Georgia,2009,-5.154970169067383
GEO,GE,Georgia,2010,6.455331802368164
GEO,GE,Georgia,2011,4.089593410491943
GEO,GE,Georgia,2012,2.7187204360961914
GEO,GE,Georgia,2013,2.343810796737671
GEO,GE,Georgia,2014,1.299952268600464
GEO,GE,Georgia,2015,-0.1595822721719741
GEO,GE,Georgia,2016,0.9885322451591492
GEO,GE,Georgia,2017,2.764594316482544
GEO,GE,Georgia,2018,0.9624929428100586
GIN,GN,Guinea,1991,-0.9774417281150818
GIN,GN,Guinea,1992,1.2246954441070557
GIN,GN,Guinea,1993,-0.4743712544441223
GIN,GN,Guinea,1994,1.939674735069275
GIN,GN,Guinea,1995,1.978193402290344
GIN,GN,Guinea,1996,-1.0318052768707275
GIN,GN,Guinea,1997,2.1465272903442383
GIN,GN,Guinea,1998,0.9869236350059508
GIN,GN,Guinea,1999,0.5688921809196472
GIN,GN,Guinea,2000,-3.792349338531494
GIN,GN,Guinea,2001,0.4689567983150482
GIN,GN,Guinea,2002,0.942868173122406
GIN,GN,Guinea,2003,-3.209893226623535
GIN,GN,Guinea,2004,-5.653209209442139
GIN,GN,Guinea,2005,-4.032954216003418
GIN,GN,Guinea,2006,-5.627565383911133
GIN,GN,Guinea,2007,-2.9102628231048584
GIN,GN,Guinea,2008,-2.5657546520233154
GIN,GN,Guinea,2009,-9.715896606445312
GIN,GN,Guinea,2010,0.4641461074352264
GIN,GN,Guinea,2011,-11.148259162902832
GIN,GN,Guinea,2012,-7.145301818847656
GIN,GN,Guinea,2013,-9.389811515808104
GIN,GN,Guinea,2014,-2.422999620437622
GIN,GN,Guinea,2015,-2.744213581085205
GIN,GN,Guinea,2016,-8.600159645080566
GIN,GN,Guinea,2017,5.525484561920166
GIN,GN,Guinea,2018,2.4575021266937256
GRC,GR,Greece,1980,-2.655951976776123
GRC,GR,Greece,1981,-6.3063836097717285
GRC,GR,Greece,1982,-2.6984033584594727
GRC,GR,Greece,1983,-3.378313541412353
GRC,GR,Greece,1984,0.5155206322669983
GRC,GR,Greece,1985,-0.5145943760871887
GRC,GR,Greece,1986,-1.228854417800903
GRC,GR,Greece,1987,-3.601688861846924
GRC,GR,Greece,1988,1.883749008178711
GRC,GR,Greece,1989,1.8478120565414429
GRC,GR,Greece,1990,-2.403216600418091
GRC,GR,Greece,1991,2.068547248840332
GRC,GR,Greece,1992,-1.617111086845398
GRC,GR,Greece,1993,-3.4346606731414795
GRC,GR,Greece,1994,-0.1885906159877777
GRC,GR,Greece,1995,0.3062981963157654
GRC,GR,Greece,1996,1.478023648262024
GRC,GR,Greece,1997,2.8631045818328857
GRC,GR,Greece,1998,-0.6878701448440552
GRC,GR,Greece,1999,0.6896821856498718
GRC,GR,Greece,2000,1.422638773918152
GRC,GR,Greece,2001,1.6122486591339111
GRC,GR,Greece,2002,0.554497241973877
GRC,GR,Greece,2003,2.546097993850708
GRC,GR,Greece,2004,1.7334825992584229
GRC,GR,Greece,2005,-1.3443059921264648
GRC,GR,Greece,2006,2.43873143196106
GRC,GR,Greece,2007,-0.1593332588672638
GRC,GR,Greece,2008,-3.057679414749145
GRC,GR,Greece,2009,-5.385534763336182
GRC,GR,Greece,2010,-5.011134624481201
GRC,GR,Greece,2011,-5.96731424331665
GRC,GR,Greece,2012,-3.733966112136841
GRC,GR,Greece,2013,-1.421710729598999
GRC,GR,Greece,2014,0.5854143500328064
GRC,GR,Greece,2015,-0.6555628180503845
GRC,GR,Greece,2016,-0.3298494815826416
GRC,GR,Greece,2017,0.5073316097259521
GRC,GR,Greece,2018,1.0498350858688354
GTM,GT,Guatemala,1980,-0.7985363006591797
GTM,GT,Guatemala,1981,-3.61202335357666
GTM,GT,Guatemala,1982,-4.2524895668029785
GTM,GT,Guatemala,1983,-2.055818796157837
GTM,GT,Guatemala,1984,-1.259498119354248
GTM,GT,Guatemala,1985,-0.5826973915100098
GTM,GT,Guatemala,1986,-0.1836767792701721
GTM,GT,Guatemala,1987,0.0144225936383008
GTM,GT,Guatemala,1988,-0.1267701238393783
GTM,GT,Guatemala,1989,-0.2937304675579071
GTM,GT,Guatemala,1990,1.0093724727630615
GTM,GT,Guatemala,1991,1.1741498708724976
GTM,GT,Guatemala,1992,1.0333737134933472
GTM,GT,Guatemala,1993,0.109731949865818
GTM,GT,Guatemala,1994,0.5632511377334595
GTM,GT,Guatemala,1995,1.1709728240966797
GTM,GT,Guatemala,1996,-0.2382774502038955
GTM,GT,Guatemala,1997,-0.1471168845891952
GTM,GT,Guatemala,1998,-0.4278258383274078
GTM,GT,Guatemala,1999,-1.3072006702423096
GTM,GT,Guatemala,2000,-0.5360540747642517
GTM,GT,Guatemala,2001,-0.8808866143226624
GTM,GT,Guatemala,2002,0.6462289094924927
GTM,GT,Guatemala,2003,-0.4218413531780243
GTM,GT,Guatemala,2004,0.1120936349034309
GTM,GT,Guatemala,2005,0.414324015378952
GTM,GT,Guatemala,2006,0.6595290303230286
GTM,GT,Guatemala,2007,1.5526387691497805
GTM,GT,Guatemala,2008,-0.6499670147895813
GTM,GT,Guatemala,2009,-2.2125256061553955
GTM,GT,Guatemala,2010,-0.062951810657978
GTM,GT,Guatemala,2011,1.2407866716384888
GTM,GT,Guatemala,2012,-4.485381603240967
GTM,GT,Guatemala,2013,3.9738082885742183
GTM,GT,Guatemala,2014,0.2686787247657776
GTM,GT,Guatemala,2015,0.7869133949279785
GTM,GT,Guatemala,2016,-0.6251890659332275
GTM,GT,Guatemala,2017,-0.834668755531311
GTM,GT,Guatemala,2018,-0.530579686164856
HKG,HK,"Hong Kong SAR, China",1980,-0.8717719912528992
HKG,HK,"Hong Kong SAR, China",1981,-1.176174879074097
HKG,HK,"Hong Kong SAR, China",1982,-2.253671169281006
HKG,HK,"Hong Kong SAR, China",1983,1.4550414085388184
HKG,HK,"Hong Kong SAR, China",1984,3.9412624835968018
HKG,HK,"Hong Kong SAR, China",1985,-3.694765090942383
HKG,HK,"Hong Kong SAR, China",1986,5.464097023010254
HKG,HK,"Hong Kong SAR, China",1987,7.355505466461182
HKG,HK,"Hong Kong SAR, China",1988,3.3532843589782715
HKG,HK,"Hong Kong SAR, China",1989,-1.435749888420105
HKG,HK,"Hong Kong SAR, China",1990,0.2974152266979217
HKG,HK,"Hong Kong SAR, China",1991,1.4113339185714722
HKG,HK,"Hong Kong SAR, China",1992,2.4665706157684326
HKG,HK,"Hong Kong SAR, China",1993,1.893689513206482
HKG,HK,"Hong Kong SAR, China",1994,0.8730671405792236
HKG,HK,"Hong Kong SAR, China",1995,-2.169775009155273
HKG,HK,"Hong Kong SAR, China",1996,-2.0464744567871094
HKG,HK,"Hong Kong SAR, China",1997,-0.6822131872177124
HKG,HK,"Hong Kong SAR, China",1998,-8.626507759094238
HKG,HK,"Hong Kong SAR, China",1999,0.9081066250801086
HKG,HK,"Hong Kong SAR, China",2000,3.392058849334717
HKG,HK,"Hong Kong SAR, China",2001,-4.266400337219238
HKG,HK,"Hong Kong SAR, China",2002,-1.0197075605392456
HKG,HK,"Hong Kong SAR, China",2003,0.1641836166381836
HKG,HK,"Hong Kong SAR, China",2004,3.864421844482422
HKG,HK,"Hong Kong SAR, China",2005,2.689552068710327
HKG,HK,"Hong Kong SAR, China",2006,2.8443803787231445
HKG,HK,"Hong Kong SAR, China",2007,2.7565767765045166
HKG,HK,"Hong Kong SAR, China",2008,-0.5996659398078918
HKG,HK,"Hong Kong SAR, China",2009,-3.7405881881713863
HKG,HK,"Hong Kong SAR, China",2010,4.666439533233643
HKG,HK,"Hong Kong SAR, China",2011,1.2451963424682615
HKG,HK,"Hong Kong SAR, China",2012,-1.732032060623169
HKG,HK,"Hong Kong SAR, China",2013,0.0174143072217702
HKG,HK,"Hong Kong SAR, China",2014,0.7236920595169067
HKG,HK,"Hong Kong SAR, China",2015,0.5408693552017212
HKG,HK,"Hong Kong SAR, China",2016,0.8393625020980835
HKG,HK,"Hong Kong SAR, China",2017,2.070030927658081
HKG,HK,"Hong Kong SAR, China",2018,0.91676527261734
HND,HN,Honduras,1980,-1.8108874559402464
HND,HN,Honduras,1981,-3.3995954990386963
HND,HN,Honduras,1982,-4.182376861572266
HND,HN,Honduras,1983,5.107573986053467
HND,HN,Honduras,1984,-1.8850271701812744
HND,HN,Honduras,1985,-7.062927722930908
HND,HN,Honduras,1986,3.827879428863525
HND,HN,Honduras,1987,4.785321235656738
HND,HN,Honduras,1988,-0.5242508053779602
HND,HN,Honduras,1989,-1.091724514961243
HND,HN,Honduras,1990,8.846776962280273
HND,HN,Honduras,1991,-21.81724739074707
HND,HN,Honduras,1992,0.3473484814167022
HND,HN,Honduras,1993,0.4294993877410888
HND,HN,Honduras,1994,-5.119351863861084
HND,HN,Honduras,1995,1.7187540531158447
HND,HN,Honduras,1996,-1.841747522354126
HND,HN,Honduras,1997,-0.9993367791175842
HND,HN,Honduras,1998,-1.0068845748901367
HND,HN,Honduras,1999,-5.156625747680664
HND,HN,Honduras,2000,4.428799629211426
HND,HN,Honduras,2001,0.2241820096969604
HND,HN,Honduras,2002,0.3902837634086609
HND,HN,Honduras,2003,1.8109692335128784
HND,HN,Honduras,2004,2.1454546451568604
HND,HN,Honduras,2005,1.2750459909439087
HND,HN,Honduras,2006,2.230344533920288
HND,HN,Honduras,2007,1.000952959060669
HND,HN,Honduras,2008,-1.084314227104187
HND,HN,Honduras,2009,-6.139109134674072
HND,HN,Honduras,2010,0.0776076689362526
HND,HN,Honduras,2011,1.864525556564331
HND,HN,Honduras,2012,0.5060501098632812
HND,HN,Honduras,2013,-3.411604642868042
HND,HN,Honduras,2014,-1.2669402360916138
HND,HN,Honduras,2015,-1.157164216041565
HND,HN,Honduras,2016,0.755872368812561
HND,HN,Honduras,2017,-0.7424224019050598
HND,HN,Honduras,2018,-1.84468674659729
HRV,HR,Croatia,1995,6.86942720413208
HRV,HR,Croatia,1996,4.591339111328125
HRV,HR,Croatia,1997,4.666975021362305
HRV,HR,Croatia,1998,0.6054990887641907
HRV,HR,Croatia,1999,-2.492281436920166
HRV,HR,Croatia,2000,1.8752663135528564
HRV,HR,Croatia,2001,2.144866943359375
HRV,HR,Croatia,2002,2.5856692790985107
HRV,HR,Croatia,2003,1.415885329246521
HRV,HR,Croatia,2004,1.1325619220733645
HRV,HR,Croatia,2005,1.3606159687042236
HRV,HR,Croatia,2006,0.2981627881526947
HRV,HR,Croatia,2007,0.3959048390388489
HRV,HR,Croatia,2008,-2.458025932312012
HRV,HR,Croatia,2009,-8.85647964477539
HRV,HR,Croatia,2010,-0.1428247988224029
HRV,HR,Croatia,2011,1.1614892482757568
HRV,HR,Croatia,2012,-0.8211460113525391
HRV,HR,Croatia,2013,0.1078425496816635
HRV,HR,Croatia,2014,-2.8984196186065674
HRV,HR,Croatia,2015,0.3834239542484283
HRV,HR,Croatia,2016,1.80586576461792
HRV,HR,Croatia,2017,0.1914937794208526
HRV,HR,Croatia,2018,0.3135658800601959
HUN,HU,Hungary,1980,-1.726693868637085
HUN,HU,Hungary,1981,-1.5433427095413208
HUN,HU,Hungary,1982,1.57194185256958
HUN,HU,Hungary,1983,-0.2078256160020828
HUN,HU,Hungary,1984,1.753801703453064
HUN,HU,Hungary,1985,-1.01835298538208
HUN,HU,Hungary,1986,0.4300417006015777
HUN,HU,Hungary,1987,2.7240407466888428
HUN,HU,Hungary,1988,-0.8815709352493286
HUN,HU,Hungary,1989,-0.4470811784267425
HUN,HU,Hungary,1990,-3.7227649688720703
HUN,HU,Hungary,1991,-10.111726760864258
HUN,HU,Hungary,1992,2.246661424636841
HUN,HU,Hungary,1993,2.981403589248657
HUN,HU,Hungary,1994,3.2179272174835205
HUN,HU,Hungary,1995,1.5191283226013184
HUN,HU,Hungary,1996,-1.0768439769744873
HUN,HU,Hungary,1997,1.5330414772033691
HUN,HU,Hungary,1998,0.8581221699714661
HUN,HU,Hungary,1999,-0.969359278678894
HUN,HU,Hungary,2000,1.6779513359069824
HUN,HU,Hungary,2001,2.0004680156707764
HUN,HU,Hungary,2002,2.7299187183380127
HUN,HU,Hungary,2003,2.0737264156341557
HUN,HU,Hungary,2004,3.368224620819092
HUN,HU,Hungary,2005,2.4533512592315674
HUN,HU,Hungary,2006,1.816087245941162
HUN,HU,Hungary,2007,-1.8293019533157349
HUN,HU,Hungary,2008,0.589556872844696
HUN,HU,Hungary,2009,-6.565813064575195
HUN,HU,Hungary,2010,0.4048169553279876
HUN,HU,Hungary,2011,1.1732690334320068
HUN,HU,Hungary,2012,-2.1847448348999023
HUN,HU,Hungary,2013,0.442754864692688
HUN,HU,Hungary,2014,0.0508606657385826
HUN,HU,Hungary,2015,1.1453336477279663
HUN,HU,Hungary,2016,-0.5200743675231934
HUN,HU,Hungary,2017,1.8180652856826784
HUN,HU,Hungary,2018,2.288194417953491
IDN,ID,Indonesia,1980,3.4209556579589844
IDN,ID,Indonesia,1981,0.2406148463487625
IDN,ID,Indonesia,1982,-6.300878047943115
IDN,ID,Indonesia,1983,-1.001471757888794
IDN,ID,Indonesia,1984,1.7292447090148926
IDN,ID,Indonesia,1985,-3.3972575664520264
IDN,ID,Indonesia,1986,-2.114974021911621
IDN,ID,Indonesia,1987,-0.3409347236156463
IDN,ID,Indonesia,1988,0.1710223704576492
IDN,ID,Indonesia,1989,2.028381824493408
IDN,ID,Indonesia,1990,0.5135986804962158
IDN,ID,Indonesia,1991,1.3347488641738892
IDN,ID,Indonesia,1992,0.5284231305122375
IDN,ID,Indonesia,1993,1.5366283655166626
IDN,ID,Indonesia,1994,0.9190413355827332
IDN,ID,Indonesia,1995,3.689239263534546
IDN,ID,Indonesia,1996,-1.383290410041809
IDN,ID,Indonesia,1997,-2.126704692840576
IDN,ID,Indonesia,1998,-17.30115509033203
IDN,ID,Indonesia,1999,-2.008063316345215
IDN,ID,Indonesia,2000,1.4663375616073608
IDN,ID,Indonesia,2001,0.5789949893951416
IDN,ID,Indonesia,2002,1.3394819498062134
IDN,ID,Indonesia,2003,1.5669713020324707
IDN,ID,Indonesia,2004,1.4250710010528564
IDN,ID,Indonesia,2005,2.2264297008514404
IDN,ID,Indonesia,2006,1.5597567558288574
IDN,ID,Indonesia,2007,0.7752635478973389
IDN,ID,Indonesia,2008,0.9688324332237244
IDN,ID,Indonesia,2009,0.2968932688236236
IDN,ID,Indonesia,2010,1.5638681650161743
IDN,ID,Indonesia,2011,2.972076892852783
IDN,ID,Indonesia,2012,2.829596519470215
IDN,ID,Indonesia,2013,2.290269613265991
IDN,ID,Indonesia,2014,2.0142974853515625
IDN,ID,Indonesia,2015,2.6477291584014893
IDN,ID,Indonesia,2016,1.1279903650283811
IDN,ID,Indonesia,2017,1.6586427688598633
IDN,ID,Indonesia,2018,1.979374885559082
IND,IN,India,1980,-1.4177849292755127
IND,IN,India,1981,1.7940828800201416
IND,IN,India,1982,-0.4581096768379211
IND,IN,India,1983,1.8671778440475464
IND,IN,India,1984,1.0031027793884275
IND,IN,India,1985,1.4483623504638672
IND,IN,India,1986,0.9526862502098083
IND,IN,India,1987,0.0726200714707374
IND,IN,India,1988,3.621326923370361
IND,IN,India,1989,2.199652910232544
IND,IN,India,1990,0.922819972038269
IND,IN,India,1991,-2.2713429927825928
IND,IN,India,1992,-0.047272577881813
IND,IN,India,1993,0.6868276000022888
IND,IN,India,1994,2.137504816055298
IND,IN,India,1995,3.1434478759765625
IND,IN,India,1996,2.838051080703736
IND,IN,India,1997,0.1928295642137527
IND,IN,India,1998,1.6344958543777466
IND,IN,India,1999,2.406982421875
IND,IN,India,2000,0.8001928329467773
IND,IN,India,2001,-0.2817242741584778
IND,IN,India,2002,0.3052542507648468
IND,IN,India,2003,1.8783217668533323
IND,IN,India,2004,2.087932109832764
IND,IN,India,2005,4.371029376983643
IND,IN,India,2006,4.801019668579102
IND,IN,India,2007,5.004215717315674
IND,IN,India,2008,1.7110096216201782
IND,IN,India,2009,0.7158387303352356
IND,IN,India,2010,5.692294597625732
IND,IN,India,2011,1.713168978691101
IND,IN,India,2012,1.056511402130127
IND,IN,India,2013,2.2300894260406494
IND,IN,India,2014,3.1110215187072754
IND,IN,India,2015,3.5418200492858887
IND,IN,India,2016,4.403617858886719
IND,IN,India,2017,2.6726291179656982
IND,IN,India,2018,2.980001211166382
IRL,IE,Ireland,1980,0.504197359085083
IRL,IE,Ireland,1981,0.0783395767211914
IRL,IE,Ireland,1982,-0.0983543992042541
IRL,IE,Ireland,1983,-1.7424274682998655
IRL,IE,Ireland,1984,3.5093557834625244
IRL,IE,Ireland,1985,2.205702543258667
IRL,IE,Ireland,1986,-0.9886655211448668
IRL,IE,Ireland,1987,3.410414457321167
IRL,IE,Ireland,1988,3.88253116607666
IRL,IE,Ireland,1989,4.190704822540283
IRL,IE,Ireland,1990,4.057915210723877
IRL,IE,Ireland,1991,0.8153443336486816
IRL,IE,Ireland,1992,1.9241293668746948
IRL,IE,Ireland,1993,0.8818363547325134
IRL,IE,Ireland,1994,2.558197021484375
IRL,IE,Ireland,1995,4.698141574859619
IRL,IE,Ireland,1996,2.536729335784912
IRL,IE,Ireland,1997,5.1541242599487305
IRL,IE,Ireland,1998,1.170918107032776
IRL,IE,Ireland,1999,2.81210994720459
IRL,IE,Ireland,2000,3.152906894683838
IRL,IE,Ireland,2001,0.1753775924444198
IRL,IE,Ireland,2002,1.6580872535705566
IRL,IE,Ireland,2003,-1.342637062072754
IRL,IE,Ireland,2004,1.3975536823272705
IRL,IE,Ireland,2005,-0.952472984790802
IRL,IE,Ireland,2006,-1.4716193675994873
IRL,IE,Ireland,2007,-0.5659417510032654
IRL,IE,Ireland,2008,-6.620028972625732
IRL,IE,Ireland,2009,-2.5072412490844727
IRL,IE,Ireland,2010,3.1340200901031494
IRL,IE,Ireland,2011,0.1595883816480636
IRL,IE,Ireland,2012,-1.1715196371078491
IRL,IE,Ireland,2013,-1.4116007089614868
IRL,IE,Ireland,2014,4.670887470245361
IRL,IE,Ireland,2015,16.643251419067383
IRL,IE,Ireland,2016,-4.981205463409424
IRL,IE,Ireland,2017,4.1832594871521
IRL,IE,Ireland,2018,4.638310432434082
IRN,IR,"Iran, Islamic Rep.",1980,-33.71645736694336
IRN,IR,"Iran, Islamic Rep.",1981,-7.100889205932617
IRN,IR,"Iran, Islamic Rep.",1982,22.18612670898437
IRN,IR,"Iran, Islamic Rep.",1983,4.651341915130615
IRN,IR,"Iran, Islamic Rep.",1984,-11.74773406982422
IRN,IR,"Iran, Islamic Rep.",1985,0.0044755195267498
IRN,IR,"Iran, Islamic Rep.",1986,-9.577628135681152
IRN,IR,"Iran, Islamic Rep.",1987,-2.2746224403381348
IRN,IR,"Iran, Islamic Rep.",1988,-8.141276359558105
IRN,IR,"Iran, Islamic Rep.",1989,2.0855424404144287
IRN,IR,"Iran, Islamic Rep.",1990,8.185412406921387
IRN,IR,"Iran, Islamic Rep.",1991,5.010802745819092
IRN,IR,"Iran, Islamic Rep.",1992,-2.483522891998291
IRN,IR,"Iran, Islamic Rep.",1993,-2.503012180328369
IRN,IR,"Iran, Islamic Rep.",1994,-4.167674541473389
IRN,IR,"Iran, Islamic Rep.",1995,-1.2265543937683103
IRN,IR,"Iran, Islamic Rep.",1996,1.7276040315628052
IRN,IR,"Iran, Islamic Rep.",1997,-5.861836910247803
IRN,IR,"Iran, Islamic Rep.",1998,-5.260794639587402
IRN,IR,"Iran, Islamic Rep.",1999,-2.486347198486328
IRN,IR,"Iran, Islamic Rep.",2000,0.0484504178166389
IRN,IR,"Iran, Islamic Rep.",2001,-6.977027416229248
IRN,IR,"Iran, Islamic Rep.",2002,2.68977427482605
IRN,IR,"Iran, Islamic Rep.",2003,2.206927299499512
IRN,IR,"Iran, Islamic Rep.",2004,-2.1207380294799805
IRN,IR,"Iran, Islamic Rep.",2005,-2.039985656738281
IRN,IR,"Iran, Islamic Rep.",2006,0.8472971320152283
IRN,IR,"Iran, Islamic Rep.",2007,5.4047040939331055
IRN,IR,"Iran, Islamic Rep.",2008,-2.801414251327514
IRN,IR,"Iran, Islamic Rep.",2009,-3.850832223892212
IRN,IR,"Iran, Islamic Rep.",2010,4.136595726013184
IRN,IR,"Iran, Islamic Rep.",2011,0.626801073551178
IRN,IR,"Iran, Islamic Rep.",2012,-8.754183769226074
IRN,IR,"Iran, Islamic Rep.",2013,-0.4514952301979065
IRN,IR,"Iran, Islamic Rep.",2014,3.607231855392456
IRN,IR,"Iran, Islamic Rep.",2015,-3.5407676696777344
IRN,IR,"Iran, Islamic Rep.",2016,12.618961334228516
IRN,IR,"Iran, Islamic Rep.",2017,4.18696928024292
IRN,IR,"Iran, Islamic Rep.",2018,-7.173495769500732
IRQ,IQ,Iraq,1980,13.480379104614258
IRQ,IQ,Iraq,1981,-15.151001930236816
IRQ,IQ,Iraq,1982,-6.352972984313965
IRQ,IQ,Iraq,1983,-15.345444679260254
IRQ,IQ,Iraq,1984,-0.9263893961906432
IRQ,IQ,Iraq,1985,1.936250925064087
IRQ,IQ,Iraq,1986,3.807884693145752
IRQ,IQ,Iraq,1987,8.043968200683594
IRQ,IQ,Iraq,1988,-2.029989957809448
IRQ,IQ,Iraq,1989,-7.0023393630981445
IRQ,IQ,Iraq,1990,41.6484489440918
IRQ,IQ,Iraq,1991,-100.4208755493164
IRQ,IQ,Iraq,1992,27.114973068237305
IRQ,IQ,Iraq,1993,23.274341583251957
IRQ,IQ,Iraq,1994,1.452916145324707
IRQ,IQ,Iraq,1995,-0.7358554601669312
IRQ,IQ,Iraq,1996,6.957722187042236
IRQ,IQ,Iraq,1997,13.89909839630127
IRQ,IQ,Iraq,1998,20.0112361907959
IRQ,IQ,Iraq,1999,14.047627449035645
IRQ,IQ,Iraq,2000,-3.0444812774658203
IRQ,IQ,Iraq,2001,-12.477227210998535
IRQ,IQ,Iraq,2002,-19.871660232543945
IRQ,IQ,Iraq,2003,-57.46525573730469
IRQ,IQ,Iraq,2004,29.995838165283203
IRQ,IQ,Iraq,2005,-3.389852285385132
IRQ,IQ,Iraq,2006,-3.64483642578125
IRQ,IQ,Iraq,2007,2.100158452987671
IRQ,IQ,Iraq,2008,1.1718173027038574
IRQ,IQ,Iraq,2009,-13.019295692443848
IRQ,IQ,Iraq,2010,14.12812614440918
IRQ,IQ,Iraq,2011,8.486308097839355
IRQ,IQ,Iraq,2012,11.918474197387695
IRQ,IQ,Iraq,2013,0.6499731540679932
IRQ,IQ,Iraq,2014,-5.735058307647705
IRQ,IQ,Iraq,2015,-4.769454479217529
IRQ,IQ,Iraq,2016,10.873834609985352
IRQ,IQ,Iraq,2017,-3.860694646835327
IRQ,IQ,Iraq,2018,-3.239184617996216
ISL,IS,Iceland,1980,1.0684072971343994
ISL,IS,Iceland,1981,-1.1248337030410769
ISL,IS,Iceland,1982,-1.8048560619354248
ISL,IS,Iceland,1983,-3.91988468170166
ISL,IS,Iceland,1984,1.3837890625
ISL,IS,Iceland,1985,-0.9545556306838988
ISL,IS,Iceland,1986,2.396048069000244
ISL,IS,Iceland,1987,2.6225743293762207
ISL,IS,Iceland,1988,0.1742570698261261
ISL,IS,Iceland,1989,-0.0315102376043796
ISL,IS,Iceland,1990,0.2688153684139251
ISL,IS,Iceland,1991,-1.572901964187622
ISL,IS,Iceland,1992,-4.476125717163086
ISL,IS,Iceland,1993,0.803281843662262
ISL,IS,Iceland,1994,2.282686471939087
ISL,IS,Iceland,1995,-3.195723295211792
ISL,IS,Iceland,1996,2.54308557510376
ISL,IS,Iceland,1997,1.2471723556518557
ISL,IS,Iceland,1998,0.8371090888977051
ISL,IS,Iceland,1999,-1.0325090885162354
ISL,IS,Iceland,2000,0.7706273198127747
ISL,IS,Iceland,2001,0.5649968385696411
ISL,IS,Iceland,2002,0.5470147728919983
ISL,IS,Iceland,2003,0.8323531746864319
ISL,IS,Iceland,2004,5.973611354827881
ISL,IS,Iceland,2005,0.3631917536258697
ISL,IS,Iceland,2006,-1.7807247638702393
ISL,IS,Iceland,2007,3.416048288345337
ISL,IS,Iceland,2008,-0.1021237447857856
ISL,IS,Iceland,2009,0.6003871560096741
ISL,IS,Iceland,2010,-3.1108555793762207
ISL,IS,Iceland,2011,-1.1927813291549685
ISL,IS,Iceland,2012,-0.2933919727802276
ISL,IS,Iceland,2013,2.136646032333374
ISL,IS,Iceland,2014,-0.2736424803733825
ISL,IS,Iceland,2015,1.062991499900818
ISL,IS,Iceland,2016,2.373094320297241
ISL,IS,Iceland,2017,0.1810889840126037
ISL,IS,Iceland,2018,0.9516081213951112
ISR,IL,Israel,1980,-0.4370287656784057
ISR,IL,Israel,1981,3.035059928894043
ISR,IL,Israel,1982,-0.4828201830387115
ISR,IL,Israel,1983,-0.7565523982048035
ISR,IL,Israel,1984,-1.5355333089828491
ISR,IL,Israel,1985,3.434478759765625
ISR,IL,Israel,1986,1.9553431272506716
ISR,IL,Israel,1987,3.882625579833984
ISR,IL,Israel,1988,-0.5663177371025085
ISR,IL,Israel,1989,-0.8933291435241699
ISR,IL,Israel,1990,3.758448600769043
ISR,IL,Israel,1991,0.9185448884963988
ISR,IL,Israel,1992,2.113365888595581
ISR,IL,Israel,1993,-2.466796636581421
ISR,IL,Israel,1994,0.1670209318399429
ISR,IL,Israel,1995,0.3276673257350921
ISR,IL,Israel,1996,-0.6882404685020447
ISR,IL,Israel,1997,-0.4375549554824829
ISR,IL,Israel,1998,-0.0389012172818183
ISR,IL,Israel,1999,-1.4098210334777832
ISR,IL,Israel,2000,2.46523666381836
ISR,IL,Israel,2001,-2.397514820098877
ISR,IL,Israel,2002,-1.722303032875061
ISR,IL,Israel,2003,-0.655613362789154
ISR,IL,Israel,2004,2.067841053009033
ISR,IL,Israel,2005,0.5403493642807007
ISR,IL,Israel,2006,1.963329792022705
ISR,IL,Israel,2007,1.0735663175582886
ISR,IL,Israel,2008,-1.0331546068191528
ISR,IL,Israel,2009,-1.6993013620376587
ISR,IL,Israel,2010,1.9978810548782349
ISR,IL,Israel,2011,0.798383891582489
ISR,IL,Israel,2012,-2.2110297679901123
ISR,IL,Israel,2013,0.5641225576400757
ISR,IL,Israel,2014,0.0799664333462715
ISR,IL,Israel,2015,-1.025681495666504
ISR,IL,Israel,2016,0.2278780937194824
ISR,IL,Israel,2017,-0.241791769862175
ISR,IL,Israel,2018,0.5580005645751953
ITA,IT,Italy,1980,-0.3882863819599151
ITA,IT,Italy,1981,-1.6742088794708252
ITA,IT,Italy,1982,-1.878366470336914
ITA,IT,Italy,1983,-0.9177656769752502
ITA,IT,Italy,1984,1.1379512548446655
ITA,IT,Italy,1985,0.297278344631195
ITA,IT,Italy,1986,0.4657700955867767
ITA,IT,Italy,1987,0.9504315257072448
ITA,IT,Italy,1988,1.315244436264038
ITA,IT,Italy,1989,0.8063347339630127
ITA,IT,Italy,1990,-1.0236235857009888
ITA,IT,Italy,1991,-1.3819986581802368
ITA,IT,Italy,1992,-0.4164464771747589
ITA,IT,Italy,1993,-0.3609774708747864
ITA,IT,Italy,1994,1.920009970664978
ITA,IT,Italy,1995,1.5760338306427002
ITA,IT,Italy,1996,-0.4964853823184967
ITA,IT,Italy,1997,0.2161265164613723
ITA,IT,Italy,1998,-0.2791027128696441
ITA,IT,Italy,1999,-0.5399417281150818
ITA,IT,Italy,2000,0.9723156690597534
ITA,IT,Italy,2001,-0.7072671055793762
ITA,IT,Italy,2002,-2.224117994308472
ITA,IT,Italy,2003,-2.060019254684448
ITA,IT,Italy,2004,-0.307665079832077
ITA,IT,Italy,2005,-0.8749755620956421
ITA,IT,Italy,2006,-0.7418385744094849
ITA,IT,Italy,2007,-0.613554060459137
ITA,IT,Italy,2008,-2.272645235061645
ITA,IT,Italy,2009,-5.263228416442871
ITA,IT,Italy,2010,1.2277051210403442
ITA,IT,Italy,2011,-0.143734335899353
ITA,IT,Italy,2012,-3.276291608810425
ITA,IT,Italy,2013,-1.1291663646697998
ITA,IT,Italy,2014,-0.3851012885570526
ITA,IT,Italy,2015,-0.0448009446263313
ITA,IT,Italy,2016,-0.0175728593021631
ITA,IT,Italy,2017,0.3782691359519958
ITA,IT,Italy,2018,-0.3508338630199432
JAM,JM,Jamaica,1980,-7.0704665184021
JAM,JM,Jamaica,1981,-1.850770711898804
JAM,JM,Jamaica,1982,-0.4156120121479034
JAM,JM,Jamaica,1983,2.238480806350708
JAM,JM,Jamaica,1984,-0.8053116798400879
JAM,JM,Jamaica,1985,-2.900110483169556
JAM,JM,Jamaica,1986,2.108992576599121
JAM,JM,Jamaica,1987,6.8604655265808105
JAM,JM,Jamaica,1988,2.7303991317749023
JAM,JM,Jamaica,1989,5.181154727935791
JAM,JM,Jamaica,1990,3.024747610092163
JAM,JM,Jamaica,1991,2.8320932388305664
JAM,JM,Jamaica,1992,-1.7471753358840942
JAM,JM,Jamaica,1993,6.657069206237793
JAM,JM,Jamaica,1994,-1.763274908065796
JAM,JM,Jamaica,1995,1.7452014684677124
JAM,JM,Jamaica,1996,-1.4542288780212402
JAM,JM,Jamaica,1997,-1.8544708490371704
JAM,JM,Jamaica,1998,-3.352308511734009
JAM,JM,Jamaica,1999,0.5505787134170532
JAM,JM,Jamaica,2000,-0.2439190745353698
JAM,JM,Jamaica,2001,-0.3602260649204254
JAM,JM,Jamaica,2002,-0.1144285127520561
JAM,JM,Jamaica,2003,0.4988273680210113
JAM,JM,Jamaica,2004,-0.2961785197257995
JAM,JM,Jamaica,2005,-0.4650551676750183
JAM,JM,Jamaica,2006,0.4516631662845611
JAM,JM,Jamaica,2007,-0.4244430661201477
JAM,JM,Jamaica,2008,-1.5027676820755005
JAM,JM,Jamaica,2009,-4.1437087059021
JAM,JM,Jamaica,2010,-1.16602623462677
JAM,JM,Jamaica,2011,1.1393544673919678
JAM,JM,Jamaica,2012,-0.5132761001586914
JAM,JM,Jamaica,2013,-0.3240886032581329
JAM,JM,Jamaica,2014,-1.652055740356445
JAM,JM,Jamaica,2015,-0.2615648806095123
JAM,JM,Jamaica,2016,-0.6057242155075073
JAM,JM,Jamaica,2017,-1.2661136388778689
JAM,JM,Jamaica,2018,-0.4220236837863922
JOR,JO,Jordan,1980,8.770050048828125
JOR,JO,Jordan,1981,-8.005481719970703
JOR,JO,Jordan,1982,-2.113438129425049
JOR,JO,Jordan,1983,-4.447843074798584
JOR,JO,Jordan,1984,1.8226741552352903
JOR,JO,Jordan,1985,-0.7749910950660706
JOR,JO,Jordan,1986,1.971986174583435
JOR,JO,Jordan,1987,-2.936420202255249
JOR,JO,Jordan,1988,-8.124727249145508
JOR,JO,Jordan,1989,-20.771364212036133
JOR,JO,Jordan,1990,-4.918070316314697
JOR,JO,Jordan,1991,-7.846919059753418
JOR,JO,Jordan,1992,9.885356903076172
JOR,JO,Jordan,1993,-3.648947954177856
JOR,JO,Jordan,1994,-5.090818405151367
JOR,JO,Jordan,1995,-2.7983055114746094
JOR,JO,Jordan,1996,-3.6130778789520255
JOR,JO,Jordan,1997,-1.521963119506836
JOR,JO,Jordan,1998,-0.9189872145652772
JOR,JO,Jordan,1999,-0.1061085537075996
JOR,JO,Jordan,2000,0.8116357326507568
JOR,JO,Jordan,2001,2.8233888149261475
JOR,JO,Jordan,2002,3.348910331726074
JOR,JO,Jordan,2003,1.082754373550415
JOR,JO,Jordan,2004,3.852174758911133
JOR,JO,Jordan,2005,1.5042638778686523
JOR,JO,Jordan,2006,2.5931029319763184
JOR,JO,Jordan,2007,0.0824163630604744
JOR,JO,Jordan,2008,0.8371142745018005
JOR,JO,Jordan,2009,-1.3237271308898926
JOR,JO,Jordan,2010,-1.7624491453170776
JOR,JO,Jordan,2011,-1.1632229089736938
JOR,JO,Jordan,2012,-1.61803138256073
JOR,JO,Jordan,2013,-0.7671410441398621
JOR,JO,Jordan,2014,-2.143417835235596
JOR,JO,Jordan,2015,-1.060124158859253
JOR,JO,Jordan,2016,-0.1041612550616264
JOR,JO,Jordan,2017,-1.0039424896240234
JOR,JO,Jordan,2018,-0.4092155694961548
JPN,JP,Japan,1980,-0.7712020874023438
JPN,JP,Japan,1981,0.8460111618041992
JPN,JP,Japan,1982,0.2689446806907654
JPN,JP,Japan,1983,0.1940340399742126
JPN,JP,Japan,1984,1.6801109313964844
JPN,JP,Japan,1985,2.289172410964966
JPN,JP,Japan,1986,0.4531816840171814
JPN,JP,Japan,1987,1.6969985961914062
JPN,JP,Japan,1988,2.8522424697875977
JPN,JP,Japan,1989,0.7943862676620483
JPN,JP,Japan,1990,0.8233835697174072
JPN,JP,Japan,1991,-0.6050829887390137
JPN,JP,Japan,1992,-2.196162700653076
JPN,JP,Japan,1993,-2.5682191848754883
JPN,JP,Japan,1994,-0.6404039263725281
JPN,JP,Japan,1995,0.6929187774658203
JPN,JP,Japan,1996,0.8808866143226624
JPN,JP,Japan,1997,-1.3371976613998413
JPN,JP,Japan,1998,-2.1068031787872314
JPN,JP,Japan,1999,-1.0227999687194824
JPN,JP,Japan,2000,1.7139604091644287
JPN,JP,Japan,2001,-0.6246431469917297
JPN,JP,Japan,2002,-0.1079124137759208
JPN,JP,Japan,2003,0.599763035774231
JPN,JP,Japan,2004,0.9521126747131348
JPN,JP,Japan,2005,0.1705584377050399
JPN,JP,Japan,2006,0.0446985550224781
JPN,JP,Japan,2007,0.2845746576786041
JPN,JP,Japan,2008,-1.703353762626648
JPN,JP,Japan,2009,-5.102120876312256
JPN,JP,Japan,2010,3.980745553970337
JPN,JP,Japan,2011,-0.2793817818164825
JPN,JP,Japan,2012,1.4262580871582031
JPN,JP,Japan,2013,1.2513868808746338
JPN,JP,Japan,2014,-0.4781063497066498
JPN,JP,Japan,2015,0.4056719243526459
JPN,JP,Japan,2016,-0.4905145466327667
JPN,JP,Japan,2017,0.7425198554992676
JPN,JP,Japan,2018,-0.961827516555786
KAZ,KZ,Kazakhstan,1991,-12.58572483062744
KAZ,KZ,Kazakhstan,1992,-4.967557430267334
KAZ,KZ,Kazakhstan,1993,-6.181366443634033
KAZ,KZ,Kazakhstan,1994,-8.052083015441895
KAZ,KZ,Kazakhstan,1995,-6.070607662200928
KAZ,KZ,Kazakhstan,1996,1.2665218114852903
KAZ,KZ,Kazakhstan,1997,-3.4624552726745605
KAZ,KZ,Kazakhstan,1998,-3.2862823009490967
KAZ,KZ,Kazakhstan,1999,0.3734078407287597
KAZ,KZ,Kazakhstan,2000,5.621531486511231
KAZ,KZ,Kazakhstan,2001,6.421128273010254
KAZ,KZ,Kazakhstan,2002,7.109981536865234
KAZ,KZ,Kazakhstan,2003,1.6998367309570312
KAZ,KZ,Kazakhstan,2004,3.0562431812286377
KAZ,KZ,Kazakhstan,2005,4.2263665199279785
KAZ,KZ,Kazakhstan,2006,7.79724645614624
KAZ,KZ,Kazakhstan,2007,0.4582687020301819
KAZ,KZ,Kazakhstan,2008,2.400175094604492
KAZ,KZ,Kazakhstan,2009,0.1857628226280212
KAZ,KZ,Kazakhstan,2010,5.334516525268555
KAZ,KZ,Kazakhstan,2011,5.6062188148498535
KAZ,KZ,Kazakhstan,2012,3.272418260574341
KAZ,KZ,Kazakhstan,2013,5.922950744628906
KAZ,KZ,Kazakhstan,2014,4.333115577697754
KAZ,KZ,Kazakhstan,2015,0.3704489469528198
KAZ,KZ,Kazakhstan,2016,2.1406712532043457
KAZ,KZ,Kazakhstan,2017,3.334768533706665
KAZ,KZ,Kazakhstan,2018,2.273695707321167
KEN,KE,Kenya,1980,0.4251711964607239
KEN,KE,Kenya,1981,-0.9049502611160278
KEN,KE,Kenya,1982,-2.339141607284546
KEN,KE,Kenya,1983,-2.247992515563965
KEN,KE,Kenya,1984,-1.3342846632003784
KEN,KE,Kenya,1985,0.5750301480293274
KEN,KE,Kenya,1986,3.038450002670288
KEN,KE,Kenya,1987,1.839057207107544
KEN,KE,Kenya,1988,2.23366641998291
KEN,KE,Kenya,1989,0.109732799232006
KEN,KE,Kenya,1990,0.1451569199562072
KEN,KE,Kenya,1991,-2.362593412399292
KEN,KE,Kenya,1992,-5.02514123916626
KEN,KE,Kenya,1993,-3.759981155395508
KEN,KE,Kenya,1994,-2.7239766120910645
KEN,KE,Kenya,1995,-1.888915419578552
KEN,KE,Kenya,1996,-0.2322411090135574
KEN,KE,Kenya,1997,-4.09696102142334
KEN,KE,Kenya,1998,-1.3212090730667114
KEN,KE,Kenya,1999,-2.0808913707733154
KEN,KE,Kenya,2000,-0.5262579321861267
KEN,KE,Kenya,2001,-2.5358846187591557
KEN,KE,Kenya,2002,-2.7515993118286133
KEN,KE,Kenya,2003,0.0663726031780242
KEN,KE,Kenya,2004,0.9527646899223328
KEN,KE,Kenya,2005,1.385443091392517
KEN,KE,Kenya,2006,1.317972183227539
KEN,KE,Kenya,2007,1.8035985231399536
KEN,KE,Kenya,2008,-4.48496150970459
KEN,KE,Kenya,2009,-0.6900740265846252
KEN,KE,Kenya,2010,3.232329130172729
KEN,KE,Kenya,2011,1.760344386100769
KEN,KE,Kenya,2012,-0.5523905754089355
KEN,KE,Kenya,2013,-0.5014610886573792
KEN,KE,Kenya,2014,-1.9165338277816768
KEN,KE,Kenya,2015,-0.2294168919324875
KEN,KE,Kenya,2016,1.3741596937179563
KEN,KE,Kenya,2017,-0.0332680754363536
KEN,KE,Kenya,2018,1.539308786392212
KGZ,KG,Kyrgyz Republic,1980,0.2684609591960907
KGZ,KG,Kyrgyz Republic,1981,-0.6332182288169861
KGZ,KG,Kyrgyz Republic,1982,-3.001093864440918
KGZ,KG,Kyrgyz Republic,1983,3.877833127975464
KGZ,KG,Kyrgyz Republic,1984,-0.7247320413589478
KGZ,KG,Kyrgyz Republic,1985,-6.271489143371582
KGZ,KG,Kyrgyz Republic,1986,-3.2678847312927246
KGZ,KG,Kyrgyz Republic,1987,-1.7977417707443235
KGZ,KG,Kyrgyz Republic,1988,10.038872718811035
KGZ,KG,Kyrgyz Republic,1989,-0.6794443130493164
KGZ,KG,Kyrgyz Republic,1990,3.367933511734009
KGZ,KG,Kyrgyz Republic,1991,-9.831478118896484
KGZ,KG,Kyrgyz Republic,1992,-18.996017456054688
KGZ,KG,Kyrgyz Republic,1993,-12.22515869140625
KGZ,KG,Kyrgyz Republic,1994,-21.75324249267578
KGZ,KG,Kyrgyz Republic,1995,-5.890657424926758
KGZ,KG,Kyrgyz Republic,1996,14.584325790405272
KGZ,KG,Kyrgyz Republic,1997,0.823943555355072
KGZ,KG,Kyrgyz Republic,1998,1.3944112062454224
KGZ,KG,Kyrgyz Republic,1999,0.8991051912307739
KGZ,KG,Kyrgyz Republic,2000,4.074080467224121
KGZ,KG,Kyrgyz Republic,2001,3.5199732780456543
KGZ,KG,Kyrgyz Republic,2002,-3.786694288253784
KGZ,KG,Kyrgyz Republic,2003,2.8725838661193848
KGZ,KG,Kyrgyz Republic,2004,3.504894971847534
KGZ,KG,Kyrgyz Republic,2005,-4.857874870300293
KGZ,KG,Kyrgyz Republic,2006,-3.2514402866363525
KGZ,KG,Kyrgyz Republic,2007,3.790547370910645
KGZ,KG,Kyrgyz Republic,2008,5.05797815322876
KGZ,KG,Kyrgyz Republic,2009,-0.5458689332008362
KGZ,KG,Kyrgyz Republic,2010,-3.93843150138855
KGZ,KG,Kyrgyz Republic,2011,2.618748188018799
KGZ,KG,Kyrgyz Republic,2012,-4.241342067718506
KGZ,KG,Kyrgyz Republic,2013,9.001909255981445
KGZ,KG,Kyrgyz Republic,2014,-0.1570186913013458
KGZ,KG,Kyrgyz Republic,2015,0.3351738452911377
KGZ,KG,Kyrgyz Republic,2016,0.8927013874053955
KGZ,KG,Kyrgyz Republic,2017,1.0492959022521973
KGZ,KG,Kyrgyz Republic,2018,1.1009478569030762
KOR,KR,"Korea, Rep.",1980,-7.218460083007812
KOR,KR,"Korea, Rep.",1981,0.8409661054611206
KOR,KR,"Korea, Rep.",1982,1.8054028749465945
KOR,KR,"Korea, Rep.",1983,6.995208263397217
KOR,KR,"Korea, Rep.",1984,5.534994602203369
KOR,KR,"Korea, Rep.",1985,0.7689315676689148
KOR,KR,"Korea, Rep.",1986,3.6624794006347656
KOR,KR,"Korea, Rep.",1987,3.244213581085205
KOR,KR,"Korea, Rep.",1988,3.93416428565979
KOR,KR,"Korea, Rep.",1989,-1.2886382341384888
KOR,KR,"Korea, Rep.",1990,1.269425392150879
KOR,KR,"Korea, Rep.",1991,1.9027512073516848
KOR,KR,"Korea, Rep.",1992,-0.4877434968948364
KOR,KR,"Korea, Rep.",1993,0.98481684923172
KOR,KR,"Korea, Rep.",1994,1.5401207208633425
KOR,KR,"Korea, Rep.",1995,2.052757740020752
KOR,KR,"Korea, Rep.",1996,0.8967723846435547
KOR,KR,"Korea, Rep.",1997,0.4674317240715027
KOR,KR,"Korea, Rep.",1998,-4.349703788757324
KOR,KR,"Korea, Rep.",1999,6.801279544830322
KOR,KR,"Korea, Rep.",2000,2.666457176208496
KOR,KR,"Korea, Rep.",2001,0.4077277779579162
KOR,KR,"Korea, Rep.",2002,2.654510498046875
KOR,KR,"Korea, Rep.",2003,0.1935679167509079
KOR,KR,"Korea, Rep.",2004,1.0119091272354126
KOR,KR,"Korea, Rep.",2005,0.5124268531799316
KOR,KR,"Korea, Rep.",2006,1.729138970375061
KOR,KR,"Korea, Rep.",2007,1.9751806259155276
KOR,KR,"Korea, Rep.",2008,0.0533155463635921
KOR,KR,"Korea, Rep.",2009,-1.2496963739395142
KOR,KR,"Korea, Rep.",2010,3.1384530067443848
KOR,KR,"Korea, Rep.",2011,0.3412571549415588
KOR,KR,"Korea, Rep.",2012,-0.8722353577613831
KOR,KR,"Korea, Rep.",2013,-0.604394793510437
KOR,KR,"Korea, Rep.",2014,-0.1100878044962883
KOR,KR,"Korea, Rep.",2015,0.0806297287344932
KOR,KR,"Korea, Rep.",2016,0.3530902564525604
KOR,KR,"Korea, Rep.",2017,0.0843223556876182
KOR,KR,"Korea, Rep.",2018,0.6984146237373352
KWT,KW,Kuwait,1980,-30.88460922241211
KWT,KW,Kuwait,1981,-26.96106719970703
KWT,KW,Kuwait,1982,-18.35058212280273
KWT,KW,Kuwait,1983,1.9389773607254028
KWT,KW,Kuwait,1984,1.3644397258758545
KWT,KW,Kuwait,1985,-7.091955661773682
KWT,KW,Kuwait,1986,7.525921821594238
KWT,KW,Kuwait,1987,6.979682445526123
KWT,KW,Kuwait,1988,-9.999224662780762
KWT,KW,Kuwait,1989,24.05430030822754
KWT,KW,Kuwait,1990,-30.63173484802246
KWT,KW,Kuwait,1991,-54.55345153808594
KWT,KW,Kuwait,1992,59.49812316894531
KWT,KW,Kuwait,1993,27.773866653442383
KWT,KW,Kuwait,1994,6.534799575805664
KWT,KW,Kuwait,1995,1.9415353536605835
KWT,KW,Kuwait,1996,-3.379589557647705
KWT,KW,Kuwait,1997,-2.6186013221740723
KWT,KW,Kuwait,1998,-4.842086791992188
KWT,KW,Kuwait,1999,-7.572892189025879
KWT,KW,Kuwait,2000,0.4591138958930969
KWT,KW,Kuwait,2001,-4.493993759155273
KWT,KW,Kuwait,2002,-3.288038492202759
KWT,KW,Kuwait,2003,8.053021430969238
KWT,KW,Kuwait,2004,1.885764002799988
KWT,KW,Kuwait,2005,0.986139476299286
KWT,KW,Kuwait,2006,-1.9305648803710935
KWT,KW,Kuwait,2007,-8.4070463180542
KWT,KW,Kuwait,2008,-9.646358489990234
KWT,KW,Kuwait,2009,-20.218189239501957
KWT,KW,Kuwait,2010,-14.591713905334473
KWT,KW,Kuwait,2011,-2.654118299484253
KWT,KW,Kuwait,2012,4.636552333831787
KWT,KW,Kuwait,2013,-6.9218621253967285
KWT,KW,Kuwait,2014,-5.067527770996094
KWT,KW,Kuwait,2015,-3.488797426223755
KWT,KW,Kuwait,2016,0.4358344674110412
KWT,KW,Kuwait,2017,-6.228938579559326
KWT,KW,Kuwait,2018,-3.738381147384644
LAO,LA,Lao PDR,1981,12.046279907226562
LAO,LA,Lao PDR,1982,3.628820419311523
LAO,LA,Lao PDR,1983,0.4687478244304657
LAO,LA,Lao PDR,1984,4.653773307800293
LAO,LA,Lao PDR,1985,1.1126941442489624
LAO,LA,Lao PDR,1986,0.6070011854171753
LAO,LA,Lao PDR,1987,-7.861756801605225
LAO,LA,Lao PDR,1988,-9.95784854888916
LAO,LA,Lao PDR,1989,2.58878231048584
LAO,LA,Lao PDR,1990,-2.674968957901001
LAO,LA,Lao PDR,1991,-3.8729069232940674
LAO,LA,Lao PDR,1992,-1.8086985349655151
LAO,LA,Lao PDR,1993,-1.1476621627807615
LAO,LA,Lao PDR,1994,0.8544146418571472
LAO,LA,Lao PDR,1995,0.147195279598236
LAO,LA,Lao PDR,1996,-0.1137822568416595
LAO,LA,Lao PDR,1997,0.488582968711853
LAO,LA,Lao PDR,1998,-1.3919999599456787
LAO,LA,Lao PDR,1999,0.2388043701648712
LAO,LA,Lao PDR,2000,1.1256240606307983
LAO,LA,Lao PDR,2001,0.71834796667099
LAO,LA,Lao PDR,2002,-0.9734830856323242
LAO,LA,Lao PDR,2003,-0.3349290490150451
LAO,LA,Lao PDR,2004,-1.5429966449737549
LAO,LA,Lao PDR,2005,-1.0271550416946411
LAO,LA,Lao PDR,2006,-1.7414509057998655
LAO,LA,Lao PDR,2007,-4.122533321380615
LAO,LA,Lao PDR,2008,-2.11677360534668
LAO,LA,Lao PDR,2009,-0.7441369295120239
LAO,LA,Lao PDR,2010,2.513195753097534
LAO,LA,Lao PDR,2011,1.4667283296585083
LAO,LA,Lao PDR,2012,0.3831904232501983
LAO,LA,Lao PDR,2013,1.4717901945114136
LAO,LA,Lao PDR,2014,1.19363272190094
LAO,LA,Lao PDR,2015,1.290566325187683
LAO,LA,Lao PDR,2016,1.226844310760498
LAO,LA,Lao PDR,2017,1.6357992887496948
LBN,LB,Lebanon,1991,37.46782302856445
LBN,LB,Lebanon,1992,11.42578411102295
LBN,LB,Lebanon,1993,5.478733062744141
LBN,LB,Lebanon,1994,2.8849689960479736
LBN,LB,Lebanon,1995,1.5743834972381592
LBN,LB,Lebanon,1996,6.819581031799316
LBN,LB,Lebanon,1997,-3.89429783821106
LBN,LB,Lebanon,1998,-1.099682092666626
LBN,LB,Lebanon,1999,-3.5291943550109863
LBN,LB,Lebanon,2000,-0.7697321772575378
LBN,LB,Lebanon,2001,0.9728546738624572
LBN,LB,Lebanon,2002,1.4167683124542236
LBN,LB,Lebanon,2003,1.2119706869125366
LBN,LB,Lebanon,2004,4.116540908813477
LBN,LB,Lebanon,2005,1.8075041770935056
LBN,LB,Lebanon,2006,-0.6607765555381775
LBN,LB,Lebanon,2007,5.735273838043213
LBN,LB,Lebanon,2008,5.3252387046813965
LBN,LB,Lebanon,2009,4.336291790008545
LBN,LB,Lebanon,2010,2.91411566734314
LBN,LB,Lebanon,2011,-4.174703121185303
LBN,LB,Lebanon,2012,-2.596536636352539
LBN,LB,Lebanon,2013,-3.400087118148804
LBN,LB,Lebanon,2014,-2.813130617141724
LBN,LB,Lebanon,2015,-3.4733054637908936
LBN,LB,Lebanon,2016,-2.269400358200073
LBN,LB,Lebanon,2017,-2.7346463203430176
LBN,LB,Lebanon,2018,-2.520195245742798
LKA,LK,Sri Lanka,1980,-0.6040659546852112
LKA,LK,Sri Lanka,1981,-0.4371390640735626
LKA,LK,Sri Lanka,1982,-1.0461373329162598
LKA,LK,Sri Lanka,1983,0.0282845348119735
LKA,LK,Sri Lanka,1984,1.4074575901031494
LKA,LK,Sri Lanka,1985,1.3721883296966553
LKA,LK,Sri Lanka,1986,0.5673160552978516
LKA,LK,Sri Lanka,1987,-2.000884294509888
LKA,LK,Sri Lanka,1988,-0.6989820003509521
LKA,LK,Sri Lanka,1989,-0.0281918235123157
LKA,LK,Sri Lanka,1990,2.0694446563720703
LKA,LK,Sri Lanka,1991,0.9172204732894896
LKA,LK,Sri Lanka,1992,1.2875351905822754
LKA,LK,Sri Lanka,1993,1.4442907571792605
LKA,LK,Sri Lanka,1994,1.5110892057418823
LKA,LK,Sri Lanka,1995,1.8314083814620967
LKA,LK,Sri Lanka,1996,-0.4497403800487518
LKA,LK,Sri Lanka,1997,2.30618667602539
LKA,LK,Sri Lanka,1998,-2.221970558166504
LKA,LK,Sri Lanka,1999,0.4460915625095367
LKA,LK,Sri Lanka,2000,0.6522040963172913
LKA,LK,Sri Lanka,2001,-3.117106676101685
LKA,LK,Sri Lanka,2002,0.35127854347229
LKA,LK,Sri Lanka,2003,2.515940427780152
LKA,LK,Sri Lanka,2004,1.3562768697738647
LKA,LK,Sri Lanka,2005,1.8953708410263064
LKA,LK,Sri Lanka,2006,1.958369255065918
LKA,LK,Sri Lanka,2007,2.8175415992736816
LKA,LK,Sri Lanka,2008,-0.6385604739189148
LKA,LK,Sri Lanka,2009,0.2070609927177429
LKA,LK,Sri Lanka,2010,3.391131639480591
LKA,LK,Sri Lanka,2011,3.7716667652130127
LKA,LK,Sri Lanka,2012,4.160027503967285
LKA,LK,Sri Lanka,2013,-2.2647957801818848
LKA,LK,Sri Lanka,2014,0.5744503140449524
LKA,LK,Sri Lanka,2015,0.3734085857868194
LKA,LK,Sri Lanka,2016,-0.1322173774242401
LKA,LK,Sri Lanka,2017,-1.614162564277649
LKA,LK,Sri Lanka,2018,-0.7553101778030396
LSO,LS,Lesotho,1981,-2.2186737060546875
LSO,LS,Lesotho,1982,2.125793218612671
LSO,LS,Lesotho,1983,2.958028554916382
LSO,LS,Lesotho,1984,3.474642753601074
LSO,LS,Lesotho,1985,-1.572163462638855
LSO,LS,Lesotho,1986,5.730758190155029
LSO,LS,Lesotho,1987,-0.9604950547218324
LSO,LS,Lesotho,1988,3.825151205062866
LSO,LS,Lesotho,1989,2.9907946586608887
LSO,LS,Lesotho,1990,4.328258037567139
LSO,LS,Lesotho,1991,-10.994710922241213
LSO,LS,Lesotho,1992,0.0772851705551147
LSO,LS,Lesotho,1993,0.257015585899353
LSO,LS,Lesotho,1994,2.423410654067993
LSO,LS,Lesotho,1995,0.1614734530448913
LSO,LS,Lesotho,1996,0.0576539672911167
LSO,LS,Lesotho,1997,-1.8218982219696045
LSO,LS,Lesotho,1998,-3.671058654785156
LSO,LS,Lesotho,1999,-5.562772274017334
LSO,LS,Lesotho,2000,-0.8698813915252686
LSO,LS,Lesotho,2001,1.303170084953308
LSO,LS,Lesotho,2002,-0.9436657428741456
LSO,LS,Lesotho,2003,2.287461996078491
LSO,LS,Lesotho,2004,0.6909939050674438
LSO,LS,Lesotho,2005,2.494268655776977
LSO,LS,Lesotho,2006,5.894052505493164
LSO,LS,Lesotho,2007,4.13975191116333
LSO,LS,Lesotho,2008,5.251239776611328
LSO,LS,Lesotho,2009,1.1942594051361084
LSO,LS,Lesotho,2010,5.794617176055908
LSO,LS,Lesotho,2011,6.377958297729492
LSO,LS,Lesotho,2012,3.9571340084075928
LSO,LS,Lesotho,2013,0.4549643397331238
LSO,LS,Lesotho,2014,1.3308464288711548
LSO,LS,Lesotho,2015,1.1698293685913086
LSO,LS,Lesotho,2016,2.016850471496582
LSO,LS,Lesotho,2017,-3.1987240314483643
LSO,LS,Lesotho,2018,-1.6222569942474363
LTU,LT,Lithuania,1991,-7.564286708831787
LTU,LT,Lithuania,1992,-25.00124931335449
LTU,LT,Lithuania,1993,-11.659188270568848
LTU,LT,Lithuania,1994,-10.907193183898926
LTU,LT,Lithuania,1995,5.043941974639893
LTU,LT,Lithuania,1996,2.9247562885284424
LTU,LT,Lithuania,1997,5.114592552185059
LTU,LT,Lithuania,1998,4.4808855056762695
LTU,LT,Lithuania,1999,-2.509446382522583
LTU,LT,Lithuania,2000,4.106759548187256
LTU,LT,Lithuania,2001,6.16364049911499
LTU,LT,Lithuania,2002,2.5356907844543457
LTU,LT,Lithuania,2003,6.638794422149658
LTU,LT,Lithuania,2004,4.632274150848389
LTU,LT,Lithuania,2005,3.525782585144043
LTU,LT,Lithuania,2006,4.303647518157959
LTU,LT,Lithuania,2007,5.927820682525635
LTU,LT,Lithuania,2008,1.0532524585723877
LTU,LT,Lithuania,2009,-12.628514289855955
LTU,LT,Lithuania,2010,3.6008591651916504
LTU,LT,Lithuania,2011,4.405991077423096
LTU,LT,Lithuania,2012,1.805899739265442
LTU,LT,Lithuania,2013,1.6265770196914673
LTU,LT,Lithuania,2014,1.1457237005233765
LTU,LT,Lithuania,2015,-0.1326319426298141
LTU,LT,Lithuania,2016,0.0358235575258731
LTU,LT,Lithuania,2017,2.753178834915161
LTU,LT,Lithuania,2018,1.3849362134933472
LUX,LU,Luxembourg,1980,-2.0149290561676025
LUX,LU,Luxembourg,1981,-2.5201528072357178
LUX,LU,Luxembourg,1982,-0.4335339069366455
LUX,LU,Luxembourg,1983,1.9699554443359373
LUX,LU,Luxembourg,1984,4.626760005950928
LUX,LU,Luxembourg,1985,1.7910975217819214
LUX,LU,Luxembourg,1986,6.17961311340332
LUX,LU,Luxembourg,1987,0.0261247958987951
LUX,LU,Luxembourg,1988,4.027795314788818
LUX,LU,Luxembourg,1989,5.162404537200928
LUX,LU,Luxembourg,1990,1.0973037481307983
LUX,LU,Luxembourg,1991,3.522310972213745
LUX,LU,Luxembourg,1992,-0.739533007144928
LUX,LU,Luxembourg,1993,0.8216572999954224
LUX,LU,Luxembourg,1994,0.4239144921302795
LUX,LU,Luxembourg,1995,-1.2027769088745115
LUX,LU,Luxembourg,1996,-1.1843796968460083
LUX,LU,Luxembourg,1997,2.1209731101989746
LUX,LU,Luxembourg,1998,1.6085822582244873
LUX,LU,Luxembourg,1999,3.0680410861968994
LUX,LU,Luxembourg,2000,2.746423482894897
LUX,LU,Luxembourg,2001,-1.7681812047958374
LUX,LU,Luxembourg,2002,1.209636688232422
LUX,LU,Luxembourg,2003,-1.2808419466018677
LUX,LU,Luxembourg,2004,0.5591424703598022
LUX,LU,Luxembourg,2005,-0.9638217091560364
LUX,LU,Luxembourg,2006,1.4855248928070068
LUX,LU,Luxembourg,2007,3.750729560852051
LUX,LU,Luxembourg,2008,-6.042417049407959
LUX,LU,Luxembourg,2009,-6.3091254234313965
LUX,LU,Luxembourg,2010,1.9913347959518437
LUX,LU,Luxembourg,2011,-1.323660373687744
LUX,LU,Luxembourg,2012,-4.108309745788574
LUX,LU,Luxembourg,2013,0.313582569360733
LUX,LU,Luxembourg,2014,0.4359660148620605
LUX,LU,Luxembourg,2015,1.129820704460144
LUX,LU,Luxembourg,2016,0.9611488580703736
LUX,LU,Luxembourg,2017,-1.8379695415496824
LUX,LU,Luxembourg,2018,-0.0104477973654866
LVA,LV,Latvia,1991,-13.046239852905272
LVA,LV,Latvia,1992,-41.80607223510742
LVA,LV,Latvia,1993,-10.379023551940918
LVA,LV,Latvia,1994,2.133640050888061
LVA,LV,Latvia,1995,-1.1215193271636963
LVA,LV,Latvia,1996,1.515390396118164
LVA,LV,Latvia,1997,6.320981979370117
LVA,LV,Latvia,1998,4.679403305053711
LVA,LV,Latvia,1999,2.3215889930725098
LVA,LV,Latvia,2000,5.330554962158203
LVA,LV,Latvia,2001,2.5411953926086426
LVA,LV,Latvia,2002,3.894343614578247
LVA,LV,Latvia,2003,5.352775573730469
LVA,LV,Latvia,2004,4.489233016967773
LVA,LV,Latvia,2005,11.952363014221191
LVA,LV,Latvia,2006,-2.2414662837982178
LVA,LV,Latvia,2007,2.8763020038604736
LVA,LV,Latvia,2008,-5.98237419128418
LVA,LV,Latvia,2009,-7.086312770843506
LVA,LV,Latvia,2010,-0.5578873157501221
LVA,LV,Latvia,2011,4.862000942230225
LVA,LV,Latvia,2012,2.416506290435791
LVA,LV,Latvia,2013,0.2134388834238052
LVA,LV,Latvia,2014,1.8129096031188965
LVA,LV,Latvia,2015,1.6610066890716553
LVA,LV,Latvia,2016,1.3806746006011963
LVA,LV,Latvia,2017,2.874297380447388
LVA,LV,Latvia,2018,2.8255717754364014
MAR,MA,Morocco,1980,-2.8258066177368164
MAR,MA,Morocco,1981,0.2771002948284149
MAR,MA,Morocco,1982,-2.4678497314453125
MAR,MA,Morocco,1983,1.362425446510315
MAR,MA,Morocco,1984,3.5127460956573486
MAR,MA,Morocco,1985,-0.5656301975250244
MAR,MA,Morocco,1986,-0.0463789924979209
MAR,MA,Morocco,1987,3.2842400074005127
MAR,MA,Morocco,1988,2.121340036392212
MAR,MA,Morocco,1989,-1.0198534727096558
MAR,MA,Morocco,1990,0.6270508766174316
MAR,MA,Morocco,1991,-0.1478957384824752
MAR,MA,Morocco,1992,3.599275588989258
MAR,MA,Morocco,1993,-1.8727325201034544
MAR,MA,Morocco,1994,-0.444536805152893
MAR,MA,Morocco,1995,0.9270585179328918
MAR,MA,Morocco,1996,-1.001432180404663
MAR,MA,Morocco,1997,0.2449891716241836
MAR,MA,Morocco,1998,-1.0859274864196775
MAR,MA,Morocco,1999,-0.8776251673698425
MAR,MA,Morocco,2000,-0.930696427822113
MAR,MA,Morocco,2001,-0.1695481836795807
MAR,MA,Morocco,2002,-1.442693114280701
MAR,MA,Morocco,2003,-2.044656276702881
MAR,MA,Morocco,2004,-1.2242296934127808
MAR,MA,Morocco,2005,0.0700357630848884
MAR,MA,Morocco,2006,-1.5191439390182495
MAR,MA,Morocco,2007,0.9599375128746032
MAR,MA,Morocco,2008,-2.940931797027588
MAR,MA,Morocco,2009,-5.305576801300049
MAR,MA,Morocco,2010,0.0431158207356929
MAR,MA,Morocco,2011,-1.0200976133346558
MAR,MA,Morocco,2012,-0.2439775168895721
MAR,MA,Morocco,2013,1.0300534963607788
MAR,MA,Morocco,2014,0.3634946644306183
MAR,MA,Morocco,2015,1.7786670923233032
MAR,MA,Morocco,2016,-1.9177180528640747
MAR,MA,Morocco,2017,1.514097809791565
MAR,MA,Morocco,2018,-0.6560274958610535
MDA,MD,Moldova,1991,-20.72724723815918
MDA,MD,Moldova,1992,-34.65443420410156
MDA,MD,Moldova,1993,9.29169464111328
MDA,MD,Moldova,1994,-36.26743698120117
MDA,MD,Moldova,1995,0.0686534643173217
MDA,MD,Moldova,1996,-4.952911376953125
MDA,MD,Moldova,1997,7.43824577331543
MDA,MD,Moldova,1998,0.1672739535570144
MDA,MD,Moldova,1999,-8.56215763092041
MDA,MD,Moldova,2000,2.1093966960906982
MDA,MD,Moldova,2001,6.944173812866211
MDA,MD,Moldova,2002,7.565964698791504
MDA,MD,Moldova,2003,11.896965980529783
MDA,MD,Moldova,2004,9.119555473327637
MDA,MD,Moldova,2005,7.087621212005615
MDA,MD,Moldova,2006,6.366482257843018
MDA,MD,Moldova,2007,1.854049563407898
MDA,MD,Moldova,2008,5.757754325866699
MDA,MD,Moldova,2009,-4.034648418426514
MDA,MD,Moldova,2010,7.562298774719238
MDA,MD,Moldova,2011,2.4971108436584477
MDA,MD,Moldova,2012,-1.0718849897384644
MDA,MD,Moldova,2013,5.72881555557251
MDA,MD,Moldova,2014,2.379745960235596
MDA,MD,Moldova,2015,-3.2115089893341064
MDA,MD,Moldova,2016,1.7858070135116575
MDA,MD,Moldova,2017,3.2555530071258545
MDA,MD,Moldova,2018,-0.2843053638935089
MEX,MX,Mexico,1980,-0.4676753282546997
MEX,MX,Mexico,1981,-0.446641206741333
MEX,MX,Mexico,1982,-6.169140338897705
MEX,MX,Mexico,1983,-5.642854690551758
MEX,MX,Mexico,1984,-0.3527826964855194
MEX,MX,Mexico,1985,-1.9264676570892332
MEX,MX,Mexico,1986,-5.695448875427246
MEX,MX,Mexico,1987,-0.7600970268249512
MEX,MX,Mexico,1988,-1.2449700832366943
MEX,MX,Mexico,1989,1.2069764137268066
MEX,MX,Mexico,1990,1.7955410480499268
MEX,MX,Mexico,1991,0.7908150553703308
MEX,MX,Mexico,1992,-0.1392737478017807
MEX,MX,Mexico,1993,-1.0068979263305664
MEX,MX,Mexico,1994,1.421745777130127
MEX,MX,Mexico,1995,-7.302318096160889
MEX,MX,Mexico,1996,3.323260307312012
MEX,MX,Mexico,1997,1.9788932800292969
MEX,MX,Mexico,1998,1.2396509647369385
MEX,MX,Mexico,1999,-0.5477200746536255
MEX,MX,Mexico,2000,1.0559734106063845
MEX,MX,Mexico,2001,-2.753556728363037
MEX,MX,Mexico,2002,-2.9337854385375977
MEX,MX,Mexico,2003,-0.7844597101211548
MEX,MX,Mexico,2004,0.3587229549884796
MEX,MX,Mexico,2005,-0.4049944877624511
MEX,MX,Mexico,2006,0.3582914471626282
MEX,MX,Mexico,2007,-1.1330299377441406
MEX,MX,Mexico,2008,-2.4518771171569824
MEX,MX,Mexico,2009,-7.083901405334473
MEX,MX,Mexico,2010,-0.0395869985222816
MEX,MX,Mexico,2011,1.2972301244735718
MEX,MX,Mexico,2012,-0.3104012310504913
MEX,MX,Mexico,2013,-0.7409774661064148
MEX,MX,Mexico,2014,0.97735333442688
MEX,MX,Mexico,2015,0.4795996248722076
MEX,MX,Mexico,2016,0.4666899442672729
MEX,MX,Mexico,2017,0.0545559711754322
MEX,MX,Mexico,2018,-0.3922964632511139
MKD,MK,North Macedonia,2001,-5.154723644256592
MKD,MK,North Macedonia,2002,-4.242341041564941
MKD,MK,North Macedonia,2003,-1.5447818040847778
MKD,MK,North Macedonia,2004,6.518042087554932
MKD,MK,North Macedonia,2005,-1.371648192405701
MKD,MK,North Macedonia,2006,0.3255786895751953
MKD,MK,North Macedonia,2007,2.980652093887329
MKD,MK,North Macedonia,2008,-2.369259834289551
MKD,MK,North Macedonia,2009,-5.41445779800415
MKD,MK,North Macedonia,2010,4.296795845031738
MKD,MK,North Macedonia,2011,-0.2755757570266723
MKD,MK,North Macedonia,2012,-2.05192494392395
MKD,MK,North Macedonia,2013,-2.0546417236328125
MKD,MK,North Macedonia,2014,0.6066480875015259
MKD,MK,North Macedonia,2015,-5.594863414764404
MKD,MK,North Macedonia,2016,0.6609814167022705
MKD,MK,North Macedonia,2017,-2.727130174636841
MKD,MK,North Macedonia,2018,-0.4977287948131561
MLT,MT,Malta,1980,1.458148717880249
MLT,MT,Malta,1981,-0.9369851350784302
MLT,MT,Malta,1982,-0.3978929817676544
MLT,MT,Malta,1983,-6.021731853485107
MLT,MT,Malta,1984,-3.723379850387573
MLT,MT,Malta,1985,-2.025949239730835
MLT,MT,Malta,1986,-0.2666686773300171
MLT,MT,Malta,1987,-3.4452810287475586
MLT,MT,Malta,1988,2.661567449569702
MLT,MT,Malta,1989,3.704536199569702
MLT,MT,Malta,1990,1.482982516288757
MLT,MT,Malta,1991,1.23054838180542
MLT,MT,Malta,1992,1.0001593828201294
MLT,MT,Malta,1993,0.8039476275444031
MLT,MT,Malta,1994,0.8715636134147644
MLT,MT,Malta,1995,-0.1913860589265823
MLT,MT,Malta,1996,-0.1517439633607864
MLT,MT,Malta,1997,1.6543594598770142
MLT,MT,Malta,1998,1.849220991134644
MLT,MT,Malta,1999,0.7829841375350952
MLT,MT,Malta,2000,4.175569534301758
MLT,MT,Malta,2001,-2.369114637374878
MLT,MT,Malta,2002,1.6236008405685425
MLT,MT,Malta,2003,0.2504112422466278
MLT,MT,Malta,2004,-2.152196884155273
MLT,MT,Malta,2005,-0.0130454245954751
MLT,MT,Malta,2006,-1.840090274810791
MLT,MT,Malta,2007,-0.182090625166893
MLT,MT,Malta,2008,-0.2183557152748108
MLT,MT,Malta,2009,-3.944394826889038
MLT,MT,Malta,2010,-0.0307101998478174
MLT,MT,Malta,2011,-1.7485355138778689
MLT,MT,Malta,2012,-0.1059876084327697
MLT,MT,Malta,2013,1.1123046875
MLT,MT,Malta,2014,3.9163315296173096
MLT,MT,Malta,2015,4.403113842010498
MLT,MT,Malta,2016,-0.1597944796085357
MLT,MT,Malta,2017,0.2372889220714569
MLT,MT,Malta,2018,1.5586284399032593
MNE,ME,Montenegro,2004,3.110332489013672
MNE,ME,Montenegro,2005,2.947483777999878
MNE,ME,Montenegro,2006,0.4787396788597107
MNE,ME,Montenegro,2007,-1.1265441179275513
MNE,ME,Montenegro,2008,1.0964083671569824
MNE,ME,Montenegro,2009,-6.441308975219727
MNE,ME,Montenegro,2010,1.5437036752700806
MNE,ME,Montenegro,2011,2.248042106628418
MNE,ME,Montenegro,2012,-5.548081398010254
MNE,ME,Montenegro,2013,2.090320587158203
MNE,ME,Montenegro,2014,-3.766348838806152
MNE,ME,Montenegro,2015,0.6985179781913757
MNE,ME,Montenegro,2016,0.828830897808075
MNE,ME,Montenegro,2017,1.135461449623108
MNE,ME,Montenegro,2018,0.5513508319854736
MNG,MN,Mongolia,1981,1.4432646036148071
MNG,MN,Mongolia,1982,1.2287142276763916
MNG,MN,Mongolia,1983,0.1651099175214767
MNG,MN,Mongolia,1984,0.2291215509176254
MNG,MN,Mongolia,1985,0.1880092322826385
MNG,MN,Mongolia,1986,2.8697586059570312
MNG,MN,Mongolia,1987,-2.1676430702209477
MNG,MN,Mongolia,1988,-0.5727224349975586
MNG,MN,Mongolia,1989,-2.2172837257385254
MNG,MN,Mongolia,1990,11.312926292419434
MNG,MN,Mongolia,1991,-30.50104141235352
MNG,MN,Mongolia,1992,-13.39578914642334
MNG,MN,Mongolia,1993,-7.246766090393066
MNG,MN,Mongolia,1994,-2.1593010425567627
MNG,MN,Mongolia,1995,4.735420227050781
MNG,MN,Mongolia,1996,-1.241389513015747
MNG,MN,Mongolia,1997,1.271195888519287
MNG,MN,Mongolia,1998,-2.243274450302124
MNG,MN,Mongolia,1999,0.2682483196258545
MNG,MN,Mongolia,2000,-3.795214891433716
MNG,MN,Mongolia,2001,0.2837585806846618
MNG,MN,Mongolia,2002,1.139880657196045
MNG,MN,Mongolia,2003,1.690529227256775
MNG,MN,Mongolia,2004,5.287986278533936
MNG,MN,Mongolia,2005,-3.073946475982666
MNG,MN,Mongolia,2006,1.6688312292099
MNG,MN,Mongolia,2007,-0.6870958805084229
MNG,MN,Mongolia,2008,-6.320868492126465
MNG,MN,Mongolia,2009,4.956797122955322
MNG,MN,Mongolia,2010,-5.633265018463135
MNG,MN,Mongolia,2011,4.007405281066895
MNG,MN,Mongolia,2012,3.977072954177856
MNG,MN,Mongolia,2013,5.947900772094727
MNG,MN,Mongolia,2014,8.23968505859375
MNG,MN,Mongolia,2015,2.983570098876953
MNG,MN,Mongolia,2016,4.548214912414551
MNG,MN,Mongolia,2017,2.7519891262054443
MNG,MN,Mongolia,2018,4.810478210449219
MOZ,MZ,Mozambique,1980,-1.1455326080322266
MOZ,MZ,Mozambique,1981,-3.2693872451782227
MOZ,MZ,Mozambique,1982,-8.183086395263672
MOZ,MZ,Mozambique,1983,-15.769814491271973
MOZ,MZ,Mozambique,1984,0.5764737725257874
MOZ,MZ,Mozambique,1985,-11.157540321350098
MOZ,MZ,Mozambique,1986,-1.6162573099136353
MOZ,MZ,Mozambique,1987,0.6970171928405762
MOZ,MZ,Mozambique,1988,-1.6255130767822266
MOZ,MZ,Mozambique,1989,0.4009256958961487
MOZ,MZ,Mozambique,1990,-5.154970645904541
MOZ,MZ,Mozambique,1991,-0.5287043452262878
MOZ,MZ,Mozambique,1992,-10.444185256958008
MOZ,MZ,Mozambique,1993,6.131824016571045
MOZ,MZ,Mozambique,1994,1.966824293136597
MOZ,MZ,Mozambique,1995,-2.0637094974517822
MOZ,MZ,Mozambique,1996,6.730409145355225
MOZ,MZ,Mozambique,1997,5.9923624992370605
MOZ,MZ,Mozambique,1998,6.687166213989258
MOZ,MZ,Mozambique,1999,5.962996959686279
MOZ,MZ,Mozambique,2000,-5.208690643310547
MOZ,MZ,Mozambique,2001,5.028730869293213
MOZ,MZ,Mozambique,2002,1.6676498651504517
MOZ,MZ,Mozambique,2003,4.501443386077881
MOZ,MZ,Mozambique,2004,3.240653276443481
MOZ,MZ,Mozambique,2005,1.736358404159546
MOZ,MZ,Mozambique,2006,4.356324195861816
MOZ,MZ,Mozambique,2007,2.6571102142333984
MOZ,MZ,Mozambique,2008,-0.5904602408409119
MOZ,MZ,Mozambique,2009,-1.146737575531006
MOZ,MZ,Mozambique,2010,-1.409980058670044
MOZ,MZ,Mozambique,2011,-1.041968822479248
MOZ,MZ,Mozambique,2012,-6.491205215454102
MOZ,MZ,Mozambique,2013,-10.731547355651855
MOZ,MZ,Mozambique,2014,-9.04891586303711
MOZ,MZ,Mozambique,2015,-4.06748628616333
MOZ,MZ,Mozambique,2016,-2.6184487342834477
MOZ,MZ,Mozambique,2017,-3.8790361881256095
MOZ,MZ,Mozambique,2018,-5.206112861633301
MRT,MR,Mauritania,1980,1.2019867897033691
MRT,MR,Mauritania,1981,0.1837620586156845
MRT,MR,Mauritania,1982,-5.76555061340332
MRT,MR,Mauritania,1983,0.3785970211029053
MRT,MR,Mauritania,1984,-7.170045375823975
MRT,MR,Mauritania,1985,-0.5051165819168091
MRT,MR,Mauritania,1986,2.849212884902954
MRT,MR,Mauritania,1987,-0.6397329568862915
MRT,MR,Mauritania,1988,-0.3127337396144867
MRT,MR,Mauritania,1989,3.421358108520508
MRT,MR,Mauritania,1990,-3.0686841011047363
MRT,MR,Mauritania,1991,-16.751014709472656
MRT,MR,Mauritania,1992,-0.3758929669857025
MRT,MR,Mauritania,1993,3.624568462371826
MRT,MR,Mauritania,1994,-5.955722808837891
MRT,MR,Mauritania,1995,5.924742698669434
MRT,MR,Mauritania,1996,2.673530578613281
MRT,MR,Mauritania,1997,-7.219810962677002
MRT,MR,Mauritania,1998,-1.5289314985275269
MRT,MR,Mauritania,1999,2.7840232849121094
MRT,MR,Mauritania,2000,-7.19947624206543
MRT,MR,Mauritania,2001,-5.593888282775879
MRT,MR,Mauritania,2002,-6.430304050445557
MRT,MR,Mauritania,2003,-3.9366416931152335
MRT,MR,Mauritania,2004,-11.1035737991333
MRT,MR,Mauritania,2005,-6.616956233978272
MRT,MR,Mauritania,2006,13.703876495361328
MRT,MR,Mauritania,2007,-8.563021659851074
MRT,MR,Mauritania,2008,-8.651805877685547
MRT,MR,Mauritania,2009,-3.642115592956543
MRT,MR,Mauritania,2010,-5.655472755432129
MRT,MR,Mauritania,2011,-8.2260103225708
MRT,MR,Mauritania,2012,5.60736894607544
MRT,MR,Mauritania,2013,1.1554086208343506
MRT,MR,Mauritania,2014,6.281780242919922
MRT,MR,Mauritania,2015,-9.271635055541992
MRT,MR,Mauritania,2016,-0.3278111517429352
MRT,MR,Mauritania,2017,0.5163270831108093
MRT,MR,Mauritania,2018,1.4291915893554688
MUS,MU,Mauritius,1981,2.3193910121917725
MUS,MU,Mauritius,1982,2.643740653991699
MUS,MU,Mauritius,1983,-2.389332771301269
MUS,MU,Mauritius,1984,1.5773359537124634
MUS,MU,Mauritius,1985,3.610120296478272
MUS,MU,Mauritius,1986,5.605396747589111
MUS,MU,Mauritius,1987,4.066722393035889
MUS,MU,Mauritius,1988,0.7673053741455078
MUS,MU,Mauritius,1989,-0.2968338429927826
MUS,MU,Mauritius,1990,1.4638972282409668
MUS,MU,Mauritius,1991,-0.123404212296009
MUS,MU,Mauritius,1992,2.0924184322357178
MUS,MU,Mauritius,1993,1.0345557928085327
MUS,MU,Mauritius,1994,-0.5433425903320312
MUS,MU,Mauritius,1995,1.0838396549224854
MUS,MU,Mauritius,1996,1.936183333396912
MUS,MU,Mauritius,1997,1.431735634803772
MUS,MU,Mauritius,1998,2.394629001617432
MUS,MU,Mauritius,1999,-1.8427684307098389
MUS,MU,Mauritius,2000,4.7405877113342285
MUS,MU,Mauritius,2001,0.2768697440624237
MUS,MU,Mauritius,2002,-1.357358455657959
MUS,MU,Mauritius,2003,3.016188621520996
MUS,MU,Mauritius,2004,1.7929422855377195
MUS,MU,Mauritius,2005,-0.5399878025054932
MUS,MU,Mauritius,2006,1.3069946765899658
MUS,MU,Mauritius,2007,2.6134727001190186
MUS,MU,Mauritius,2008,1.2397129535675049
MUS,MU,Mauritius,2009,0.1659721136093139
MUS,MU,Mauritius,2010,0.6926261782646179
MUS,MU,Mauritius,2011,1.6673575639724731
MUS,MU,Mauritius,2012,0.2728373408317566
MUS,MU,Mauritius,2013,-0.4183932840824127
MUS,MU,Mauritius,2014,0.5622249841690063
MUS,MU,Mauritius,2015,0.7207607626914978
MUS,MU,Mauritius,2016,1.68181574344635
MUS,MU,Mauritius,2017,1.5692460536956787
MUS,MU,Mauritius,2018,1.741819143295288
MYS,MY,Malaysia,1980,-2.549057722091675
MYS,MY,Malaysia,1981,-4.150707244873047
MYS,MY,Malaysia,1982,-3.5302176475524902
MYS,MY,Malaysia,1983,-1.932544827461243
MYS,MY,Malaysia,1984,0.547198474407196
MYS,MY,Malaysia,1985,-5.591624736785889
MYS,MY,Malaysia,1986,-1.0584139823913574
MYS,MY,Malaysia,1987,2.504016160964966
MYS,MY,Malaysia,1988,6.211597919464111
MYS,MY,Malaysia,1989,3.2073559761047363
MYS,MY,Malaysia,1990,1.6183454990386963
MYS,MY,Malaysia,1991,2.0294084548950195
MYS,MY,Malaysia,1992,1.906609058380127
MYS,MY,Malaysia,1993,1.676832914352417
MYS,MY,Malaysia,1994,1.4035755395889282
MYS,MY,Malaysia,1995,0.7169079184532166
MYS,MY,Malaysia,1996,-0.5081338882446289
MYS,MY,Malaysia,1997,-0.6476384401321411
MYS,MY,Malaysia,1998,-8.777876853942871
MYS,MY,Malaysia,1999,4.406513690948486
MYS,MY,Malaysia,2000,4.1250081062316895
MYS,MY,Malaysia,2001,-2.4266486167907715
MYS,MY,Malaysia,2002,2.038121461868286
MYS,MY,Malaysia,2003,1.4400774240493774
MYS,MY,Malaysia,2004,3.1073219776153564
MYS,MY,Malaysia,2005,2.0189547538757324
MYS,MY,Malaysia,2006,1.6415424346923828
MYS,MY,Malaysia,2007,1.758253574371338
MYS,MY,Malaysia,2008,0.931258738040924
MYS,MY,Malaysia,2009,-4.716179370880127
MYS,MY,Malaysia,2010,1.6882590055465698
MYS,MY,Malaysia,2011,1.0669472217559814
MYS,MY,Malaysia,2012,0.3570330739021301
MYS,MY,Malaysia,2013,-0.6964243054389954
MYS,MY,Malaysia,2014,1.5059787034988403
MYS,MY,Malaysia,2015,1.208027958869934
MYS,MY,Malaysia,2016,1.0601530075073242
MYS,MY,Malaysia,2017,1.6141538619995115
MYS,MY,Malaysia,2018,0.6794817447662354
NAM,NA,Namibia,1981,-2.9529380798339844
NAM,NA,Namibia,1982,-3.460265874862671
NAM,NA,Namibia,1983,-4.482676029205322
NAM,NA,Namibia,1984,-3.2755048274993896
NAM,NA,Namibia,1985,-3.4014127254486084
NAM,NA,Namibia,1986,0.0077469204552471
NAM,NA,Namibia,1987,-2.1589932441711426
NAM,NA,Namibia,1988,-5.022764205932617
NAM,NA,Namibia,1989,-3.204385280609131
NAM,NA,Namibia,1990,-4.662538051605225
NAM,NA,Namibia,1991,5.732966899871826
NAM,NA,Namibia,1992,6.289640426635742
NAM,NA,Namibia,1993,-2.428561210632324
NAM,NA,Namibia,1994,0.5577717423439026
NAM,NA,Namibia,1995,3.2744674682617188
NAM,NA,Namibia,1996,2.70139479637146
NAM,NA,Namibia,1997,4.375467777252197
NAM,NA,Namibia,1998,-1.356742262840271
NAM,NA,Namibia,1999,-1.1932975053787231
NAM,NA,Namibia,2000,-0.5548958778381348
NAM,NA,Namibia,2001,-2.906976222991944
NAM,NA,Namibia,2002,0.6888790130615234
NAM,NA,Namibia,2003,0.9174911975860596
NAM,NA,Namibia,2004,7.670463562011719
NAM,NA,Namibia,2005,-1.7481470108032229
NAM,NA,Namibia,2006,1.4432860612869265
NAM,NA,Namibia,2007,-0.3710069358348846
NAM,NA,Namibia,2008,-3.276313304901123
NAM,NA,Namibia,2009,-5.960952281951904
NAM,NA,Namibia,2010,0.7481261491775513
NAM,NA,Namibia,2011,-1.3699195384979248
NAM,NA,Namibia,2012,-2.541198253631592
NAM,NA,Namibia,2013,-1.353846549987793
NAM,NA,Namibia,2014,-0.7920214533805847
NAM,NA,Namibia,2015,1.4014201164245603
NAM,NA,Namibia,2016,-0.8115795254707336
NAM,NA,Namibia,2017,-4.374055862426758
NAM,NA,Namibia,2018,-4.190019607543945
NER,NE,Niger,1980,-6.030475616455078
NER,NE,Niger,1981,-2.3006718158721924
NER,NE,Niger,1982,0.0701892524957656
NER,NE,Niger,1983,-6.220947265625
NER,NE,Niger,1984,-19.33236694335937
NER,NE,Niger,1985,6.650392055511475
NER,NE,Niger,1986,5.327279090881348
NER,NE,Niger,1987,-0.892576277256012
NER,NE,Niger,1988,5.656917095184326
NER,NE,Niger,1989,-1.367691159248352
NER,NE,Niger,1990,-3.621910333633423
NER,NE,Niger,1991,0.0056618535891175
NER,NE,Niger,1992,-9.007149696350098
NER,NE,Niger,1993,-1.1606181859970093
NER,NE,Niger,1994,0.7651325464248657
NER,NE,Niger,1995,-0.5254144668579102
NER,NE,Niger,1996,1.3124454021453855
NER,NE,Niger,1997,0.4437393248081207
NER,NE,Niger,1998,4.869472026824951
NER,NE,Niger,1999,-3.7553787231445312
NER,NE,Niger,2000,-3.6516809463500977
NER,NE,Niger,2001,4.517770290374756
NER,NE,Niger,2002,-0.3108322322368622
NER,NE,Niger,2003,2.383509397506714
NER,NE,Niger,2004,-4.861045837402344
NER,NE,Niger,2005,0.1282187402248382
NER,NE,Niger,2006,-0.0717953369021415
NER,NE,Niger,2007,2.3054423332214355
NER,NE,Niger,2008,4.396498680114746
NER,NE,Niger,2009,-6.366935253143311
NER,NE,Niger,2010,3.09055233001709
NER,NE,Niger,2011,-3.7965664863586426
NER,NE,Niger,2012,8.263586044311523
NER,NE,Niger,2013,0.1171488687396049
NER,NE,Niger,2014,1.3143329620361328
NER,NE,Niger,2015,-2.1594598293304443
NER,NE,Niger,2016,-0.6626840233802795
NER,NE,Niger,2017,-0.5603269934654236
NER,NE,Niger,2018,-0.5394173860549927
NGA,NG,Nigeria,1980,-3.2814691066741943
NGA,NG,Nigeria,1981,-21.403305053710938
NGA,NG,Nigeria,1982,-11.382081985473633
NGA,NG,Nigeria,1983,-12.623031616210938
NGA,NG,Nigeria,1984,-0.3077603280544281
NGA,NG,Nigeria,1985,5.275812149047852
NGA,NG,Nigeria,1986,-0.1273349374532699
NGA,NG,Nigeria,1987,2.694904327392578
NGA,NG,Nigeria,1988,6.28246021270752
NGA,NG,Nigeria,1989,1.4295870065689087
NGA,NG,Nigeria,1990,9.859423637390137
NGA,NG,Nigeria,1991,-1.3086506128311155
NGA,NG,Nigeria,1992,2.915169715881348
NGA,NG,Nigeria,1993,-3.94924521446228
NGA,NG,Nigeria,1994,-3.424372673034668
NGA,NG,Nigeria,1995,-0.7230276465415955
NGA,NG,Nigeria,1996,2.9716196060180664
NGA,NG,Nigeria,1997,1.3046166896820068
NGA,NG,Nigeria,1998,0.8901262879371643
NGA,NG,Nigeria,1999,-1.2998355627059937
NGA,NG,Nigeria,2000,3.877974033355713
NGA,NG,Nigeria,2001,7.006902694702148
NGA,NG,Nigeria,2002,4.631669044494629
NGA,NG,Nigeria,2003,7.668881416320801
NGA,NG,Nigeria,2004,3.8488733768463135
NGA,NG,Nigeria,2005,2.564352512359619
NGA,NG,Nigeria,2006,1.142758846282959
NGA,NG,Nigeria,2007,3.050533533096313
NGA,NG,Nigeria,2008,3.397145986557007
NGA,NG,Nigeria,2009,3.413981676101685
NGA,NG,Nigeria,2010,2.35194993019104
NGA,NG,Nigeria,2011,1.3244264125823977
NGA,NG,Nigeria,2012,0.8672147989273071
NGA,NG,Nigeria,2013,2.5751426219940186
NGA,NG,Nigeria,2014,1.4838361740112305
NGA,NG,Nigeria,2015,-2.4241878986358643
NGA,NG,Nigeria,2016,-5.750681877136231
NGA,NG,Nigeria,2017,-2.3675856590271
NGA,NG,Nigeria,2018,-1.3128528594970703
NIC,NI,Nicaragua,1981,0.5067399740219116
NIC,NI,Nicaragua,1982,-4.403347015380859
NIC,NI,Nicaragua,1983,0.972971498966217
NIC,NI,Nicaragua,1984,-5.100475788116455
NIC,NI,Nicaragua,1985,-7.650426387786865
NIC,NI,Nicaragua,1986,-4.966527462005615
NIC,NI,Nicaragua,1987,-4.462516784667969
NIC,NI,Nicaragua,1988,-16.522369384765625
NIC,NI,Nicaragua,1989,-4.52511739730835
NIC,NI,Nicaragua,1990,-2.142301082611084
NIC,NI,Nicaragua,1991,-2.3851633071899414
NIC,NI,Nicaragua,1992,-1.3090214729309082
NIC,NI,Nicaragua,1993,-1.8730604648590088
NIC,NI,Nicaragua,1994,1.522594332695007
NIC,NI,Nicaragua,1995,3.806756019592285
NIC,NI,Nicaragua,1996,3.0823287963867188
NIC,NI,Nicaragua,1997,0.3237224519252777
NIC,NI,Nicaragua,1998,-0.1150785535573959
NIC,NI,Nicaragua,1999,2.297842264175415
NIC,NI,Nicaragua,2000,0.0162679273635149
NIC,NI,Nicaragua,2001,-0.0920831114053726
NIC,NI,Nicaragua,2002,-2.2012031078338623
NIC,NI,Nicaragua,2003,-0.5680956244468689
NIC,NI,Nicaragua,2004,1.3885587453842163
NIC,NI,Nicaragua,2005,0.2162492424249649
NIC,NI,Nicaragua,2006,0.3939219117164612
NIC,NI,Nicaragua,2007,0.5066761374473572
NIC,NI,Nicaragua,2008,-0.0939096882939338
NIC,NI,Nicaragua,2009,-5.25775671005249
NIC,NI,Nicaragua,2010,0.6341085433959961
NIC,NI,Nicaragua,2011,1.2913274765014648
NIC,NI,Nicaragua,2012,1.2532196044921875
NIC,NI,Nicaragua,2013,0.7718545198440552
NIC,NI,Nicaragua,2014,0.1301814466714859
NIC,NI,Nicaragua,2015,0.3291953206062317
NIC,NI,Nicaragua,2016,-0.433546245098114
NIC,NI,Nicaragua,2017,0.186828926205635
NIC,NI,Nicaragua,2018,-6.001621723175049
NLD,NL,Netherlands,1980,-1.584722638130188
NLD,NL,Netherlands,1981,-1.459856390953064
NLD,NL,Netherlands,1982,-1.177777647972107
NLD,NL,Netherlands,1983,1.6644498109817505
NLD,NL,Netherlands,1984,1.3578120470046997
NLD,NL,Netherlands,1985,-0.0224952567368745
NLD,NL,Netherlands,1986,-0.218266412615776
NLD,NL,Netherlands,1987,-0.8594503402709961
NLD,NL,Netherlands,1988,0.7249647974967957
NLD,NL,Netherlands,1989,1.2185299396514893
NLD,NL,Netherlands,1990,0.761011004447937
NLD,NL,Netherlands,1991,-0.1078388839960098
NLD,NL,Netherlands,1992,-0.458137571811676
NLD,NL,Netherlands,1993,-0.026382990181446
NLD,NL,Netherlands,1994,1.5191190242767334
NLD,NL,Netherlands,1995,0.4843667447566986
NLD,NL,Netherlands,1996,0.7395483255386353
NLD,NL,Netherlands,1997,0.7626897692680359
NLD,NL,Netherlands,1998,1.3827632665634155
NLD,NL,Netherlands,1999,1.2388908863067627
NLD,NL,Netherlands,2000,1.386480689048767
NLD,NL,Netherlands,2001,-0.2976965606212616
NLD,NL,Netherlands,2002,-1.2237424850463867
NLD,NL,Netherlands,2003,-0.3774802982807159
NLD,NL,Netherlands,2004,1.8668057918548584
NLD,NL,Netherlands,2005,0.6957827210426331
NLD,NL,Netherlands,2006,0.9196766018867492
NLD,NL,Netherlands,2007,0.6171639561653137
NLD,NL,Netherlands,2008,-0.0754177272319793
NLD,NL,Netherlands,2009,-3.959164619445801
NLD,NL,Netherlands,2010,1.1622434854507446
NLD,NL,Netherlands,2011,0.1745824366807937
NLD,NL,Netherlands,2012,-1.542011857032776
NLD,NL,Netherlands,2013,0.1514562368392944
NLD,NL,Netherlands,2014,0.917692005634308
NLD,NL,Netherlands,2015,0.5114443302154541
NLD,NL,Netherlands,2016,0.6067227125167847
NLD,NL,Netherlands,2017,0.5321529507637024
NLD,NL,Netherlands,2018,0.0359787084162235
NOR,NO,Norway,1980,0.9448858499526978
NOR,NO,Norway,1981,-1.6836670637130735
NOR,NO,Norway,1982,-2.125602960586548
NOR,NO,Norway,1983,2.10872220993042
NOR,NO,Norway,1984,3.559504270553589
NOR,NO,Norway,1985,1.908847689628601
NOR,NO,Norway,1986,-0.5631142258644104
NOR,NO,Norway,1987,-1.2984998226165771
NOR,NO,Norway,1988,-1.4316567182540894
NOR,NO,Norway,1989,2.212928056716919
NOR,NO,Norway,1990,2.0288095474243164
NOR,NO,Norway,1991,3.112679958343506
NOR,NO,Norway,1992,3.108065605163574
NOR,NO,Norway,1993,1.8251928091049197
NOR,NO,Norway,1994,3.0664141178131104
NOR,NO,Norway,1995,1.740106225013733
NOR,NO,Norway,1996,2.1689491271972656
NOR,NO,Norway,1997,1.1032209396362305
NOR,NO,Norway,1998,-2.6089704036712646
NOR,NO,Norway,1999,-1.00724458694458
NOR,NO,Norway,2000,1.9088678359985352
NOR,NO,Norway,2001,-0.3790417611598968
NOR,NO,Norway,2002,-1.1449884176254272
NOR,NO,Norway,2003,0.137003481388092
NOR,NO,Norway,2004,2.2243049144744877
NOR,NO,Norway,2005,0.4204050302505493
NOR,NO,Norway,2006,-1.3833128213882446
NOR,NO,Norway,2007,-1.8776010274887085
NOR,NO,Norway,2008,-3.032979249954224
NOR,NO,Norway,2009,-3.8951282501220703
NOR,NO,Norway,2010,0.4766702353954315
NOR,NO,Norway,2011,-0.4199771583080292
NOR,NO,Norway,2012,0.7922196388244629
NOR,NO,Norway,2013,-0.4965403378009796
NOR,NO,Norway,2014,0.5363616943359375
NOR,NO,Norway,2015,1.0270462036132812
NOR,NO,Norway,2016,0.4115583300590515
NOR,NO,Norway,2017,1.4129446744918823
NOR,NO,Norway,2018,0.0708489120006561
NZL,NZ,New Zealand,1980,0.0776432901620864
NZL,NZ,New Zealand,1981,3.882560253143311
NZL,NZ,New Zealand,1982,-1.2730602025985718
NZL,NZ,New Zealand,1983,2.0177981853485107
NZL,NZ,New Zealand,1984,2.3323240280151367
NZL,NZ,New Zealand,1985,-2.312338352203369
NZL,NZ,New Zealand,1986,0.4196317791938782
NZL,NZ,New Zealand,1987,-0.8134158253669739
NZL,NZ,New Zealand,1988,0.4870518147945404
NZL,NZ,New Zealand,1989,0.6873446106910706
NZL,NZ,New Zealand,1990,-1.2674086093902588
NZL,NZ,New Zealand,1991,-0.5114038586616516
NZL,NZ,New Zealand,1992,0.3824971318244934
NZL,NZ,New Zealand,1993,3.9528615474700928
NZL,NZ,New Zealand,1994,1.0387213230133057
NZL,NZ,New Zealand,1995,0.1902463436126709
NZL,NZ,New Zealand,1996,-0.0135101731866598
NZL,NZ,New Zealand,1997,-0.0075018140487372
NZL,NZ,New Zealand,1998,-0.1184439584612846
NZL,NZ,New Zealand,1999,2.700726270675659
NZL,NZ,New Zealand,2000,0.4287690222263336
NZL,NZ,New Zealand,2001,0.4347225725650787
NZL,NZ,New Zealand,2002,1.0591291189193726
NZL,NZ,New Zealand,2003,0.951422929763794
NZL,NZ,New Zealand,2004,-0.3818897902965545
NZL,NZ,New Zealand,2005,-0.6799184083938599
NZL,NZ,New Zealand,2006,-0.130828782916069
NZL,NZ,New Zealand,2007,0.2768329977989197
NZL,NZ,New Zealand,2008,-2.61553955078125
NZL,NZ,New Zealand,2009,0.3165290057659149
NZL,NZ,New Zealand,2010,0.5444687604904175
NZL,NZ,New Zealand,2011,-0.0998495891690254
NZL,NZ,New Zealand,2012,0.8499813079833984
NZL,NZ,New Zealand,2013,-0.2680504322052002
NZL,NZ,New Zealand,2014,-0.1655686497688293
NZL,NZ,New Zealand,2015,0.4191983342170715
NZL,NZ,New Zealand,2016,-0.3077341914176941
NZL,NZ,New Zealand,2017,-1.5332839488983154
NZL,NZ,New Zealand,2018,-0.3927074074745178
OMN,OM,Oman,1991,-1.6859214305877686
OMN,OM,Oman,1992,3.098052263259888
OMN,OM,Oman,1993,0.1598648428916931
OMN,OM,Oman,1994,-0.5025743842124939
OMN,OM,Oman,1995,0.5560111999511719
OMN,OM,Oman,1996,0.358785331249237
OMN,OM,Oman,1997,0.1973332613706588
OMN,OM,Oman,1998,-5.00479793548584
OMN,OM,Oman,1999,-6.530018329620361
OMN,OM,Oman,2000,-0.1195986717939376
OMN,OM,Oman,2001,-3.240083932876587
OMN,OM,Oman,2002,-8.923290252685547
OMN,OM,Oman,2003,-13.483868598937988
OMN,OM,Oman,2004,-6.852470397949219
OMN,OM,Oman,2005,-3.191283941268921
OMN,OM,Oman,2006,-2.004490613937378
OMN,OM,Oman,2007,-8.11320972442627
OMN,OM,Oman,2008,-1.093425154685974
OMN,OM,Oman,2009,-9.471933364868164
OMN,OM,Oman,2010,-1.0930739641189575
OMN,OM,Oman,2011,-7.58598518371582
OMN,OM,Oman,2012,4.192477226257324
OMN,OM,Oman,2013,-0.9700303077697754
OMN,OM,Oman,2014,-1.5147346258163452
OMN,OM,Oman,2015,2.2931127548217773
OMN,OM,Oman,2016,2.9049646854400635
OMN,OM,Oman,2017,-1.2293859720230105
OMN,OM,Oman,2018,0.6871950030326843
PAN,PA,Panama,1980,7.649008750915527
PAN,PA,Panama,1981,3.144437313079834
PAN,PA,Panama,1982,0.0837456881999969
PAN,PA,Panama,1983,-7.520733833312988
PAN,PA,Panama,1984,-0.009910169057548
PAN,PA,Panama,1985,2.578587293624878
PAN,PA,Panama,1986,0.1533069014549255
PAN,PA,Panama,1987,-4.756947994232178
PAN,PA,Panama,1988,-14.2147216796875
PAN,PA,Panama,1989,0.5334809422492981
PAN,PA,Panama,1990,6.954190731048584
PAN,PA,Panama,1991,-0.8520210981369019
PAN,PA,Panama,1992,2.940953016281128
PAN,PA,Panama,1993,-1.046065092086792
PAN,PA,Panama,1994,-2.850795269012451
PAN,PA,Panama,1995,-4.170984745025635
PAN,PA,Panama,1996,-0.7607324123382568
PAN,PA,Panama,1997,1.4235551357269287
PAN,PA,Panama,1998,1.5355193614959717
PAN,PA,Panama,1999,-1.4766031503677368
PAN,PA,Panama,2000,-1.582944393157959
PAN,PA,Panama,2001,-1.886703968048096
PAN,PA,Panama,2002,-0.0157050862908363
PAN,PA,Panama,2003,0.9562415480613708
PAN,PA,Panama,2004,3.5436904430389404
PAN,PA,Panama,2005,3.1492085456848145
PAN,PA,Panama,2006,4.8169779777526855
PAN,PA,Panama,2007,5.114236831665039
PAN,PA,Panama,2008,1.881233811378479
PAN,PA,Panama,2009,-3.2947146892547607
PAN,PA,Panama,2010,-0.143453449010849
PAN,PA,Panama,2011,3.9236867427825928
PAN,PA,Panama,2012,1.240711331367493
PAN,PA,Panama,2013,-1.4784464836120603
PAN,PA,Panama,2014,-2.3224401473999023
PAN,PA,Panama,2015,-1.7447258234024048
PAN,PA,Panama,2016,-2.242614269256592
PAN,PA,Panama,2017,-0.8151651620864868
PAN,PA,Panama,2018,-3.974531650543213
PER,PE,Peru,1980,-1.2854961156845093
PER,PE,Peru,1981,-1.828445553779602
PER,PE,Peru,1982,-5.5364274978637695
PER,PE,Peru,1983,-14.178685188293455
PER,PE,Peru,1984,1.1358580589294434
PER,PE,Peru,1985,0.9025789499282836
PER,PE,Peru,1986,3.318236827850342
PER,PE,Peru,1987,5.412330627441406
PER,PE,Peru,1988,-11.073453903198242
PER,PE,Peru,1989,-14.366347312927246
PER,PE,Peru,1990,-6.542040824890137
PER,PE,Peru,1991,-1.4255450963974
PER,PE,Peru,1992,-0.7521842122077942
PER,PE,Peru,1993,2.58919358253479
PER,PE,Peru,1994,6.908619403839111
PER,PE,Peru,1995,1.853308916091919
PER,PE,Peru,1996,-1.9625383615493772
PER,PE,Peru,1997,1.7692745923995972
PER,PE,Peru,1998,-5.961233615875244
PER,PE,Peru,1999,-2.635977506637573
PER,PE,Peru,2000,-2.1449546813964844
PER,PE,Peru,2001,-2.13489031791687
PER,PE,Peru,2002,2.048673629760742
PER,PE,Peru,2003,0.3865600526332855
PER,PE,Peru,2004,0.798542320728302
PER,PE,Peru,2005,1.7025190591812134
PER,PE,Peru,2006,2.6945247650146484
PER,PE,Peru,2007,3.668792724609375
PER,PE,Peru,2008,3.770745277404785
PER,PE,Peru,2009,-3.148362874984741
PER,PE,Peru,2010,3.727344751358032
PER,PE,Peru,2011,1.598047971725464
PER,PE,Peru,2012,0.8095431923866272
PER,PE,Peru,2013,1.5576709508895874
PER,PE,Peru,2014,-1.0652425289154053
PER,PE,Peru,2015,0.8990256786346436
PER,PE,Peru,2016,1.977076888084412
PER,PE,Peru,2017,-1.2625932693481443
PER,PE,Peru,2018,0.7318639755249023
PHL,PH,Philippines,1980,-0.5428838729858398
PHL,PH,Philippines,1981,-3.947043418884277
PHL,PH,Philippines,1982,-2.285353660583496
PHL,PH,Philippines,1983,-5.71593713760376
PHL,PH,Philippines,1984,-11.060467720031738
PHL,PH,Philippines,1985,-8.17081069946289
PHL,PH,Philippines,1986,1.0860897302627563
PHL,PH,Philippines,1987,0.7250608801841736
PHL,PH,Philippines,1988,2.623772382736206
PHL,PH,Philippines,1989,2.1979575157165527
PHL,PH,Philippines,1990,-0.5311010479927063
PHL,PH,Philippines,1991,-3.856638193130493
PHL,PH,Philippines,1992,-3.220339298248291
PHL,PH,Philippines,1993,-1.4749304056167605
PHL,PH,Philippines,1994,0.5887178778648376
PHL,PH,Philippines,1995,0.8708071708679199
PHL,PH,Philippines,1996,0.3339059948921203
PHL,PH,Philippines,1997,1.0061792135238647
PHL,PH,Philippines,1998,-2.296300172805786
PHL,PH,Philippines,1999,0.9684783220291138
PHL,PH,Philippines,2000,2.8478026390075684
PHL,PH,Philippines,2001,-1.7153427600860596
PHL,PH,Philippines,2002,0.1941466480493545
PHL,PH,Philippines,2003,1.6699174642562866
PHL,PH,Philippines,2004,2.807777643203736
PHL,PH,Philippines,2005,1.519185185432434
PHL,PH,Philippines,2006,2.3164963722229004
PHL,PH,Philippines,2007,2.8667104244232178
PHL,PH,Philippines,2008,1.1560790538787842
PHL,PH,Philippines,2009,-1.7600317001342771
PHL,PH,Philippines,2010,3.7162365913391113
PHL,PH,Philippines,2011,0.0906350463628768
PHL,PH,Philippines,2012,3.619171380996704
PHL,PH,Philippines,2013,3.4807164669036865
PHL,PH,Philippines,2014,3.141751527786255
PHL,PH,Philippines,2015,1.1348216533660889
PHL,PH,Philippines,2016,-0.1781378537416458
PHL,PH,Philippines,2017,2.471968173980713
PHL,PH,Philippines,2018,0.3402774930000305
POL,PL,Poland,1980,-9.383871078491213
POL,PL,Poland,1981,-12.663729667663574
POL,PL,Poland,1982,-4.747616291046143
POL,PL,Poland,1983,3.977163553237915
POL,PL,Poland,1984,3.8267457485198975
POL,PL,Poland,1985,1.3059757947921753
POL,PL,Poland,1986,2.083206415176392
POL,PL,Poland,1987,0.1388906836509704
POL,PL,Poland,1988,2.367877721786499
POL,PL,Poland,1989,-1.5019311904907229
POL,PL,Poland,1990,-10.970892906188965
POL,PL,Poland,1991,-5.188838481903076
POL,PL,Poland,1992,1.727245807647705
POL,PL,Poland,1993,3.5773191452026367
POL,PL,Poland,1994,2.669156551361084
POL,PL,Poland,1995,3.38324236869812
POL,PL,Poland,1996,2.045792579650879
POL,PL,Poland,1997,1.425976037979126
POL,PL,Poland,1998,0.1528671383857727
POL,PL,Poland,1999,1.4080283641815186
POL,PL,Poland,2000,2.783653974533081
POL,PL,Poland,2001,0.4066646993160248
POL,PL,Poland,2002,2.2942488193511963
POL,PL,Poland,2003,2.511179208755493
POL,PL,Poland,2004,2.736824512481689
POL,PL,Poland,2005,0.3309544622898102
POL,PL,Poland,2006,1.7510437965393066
POL,PL,Poland,2007,1.2018132209777832
POL,PL,Poland,2008,-1.0596283674240112
POL,PL,Poland,2009,0.4343715906143188
POL,PL,Poland,2010,3.1841628551483154
POL,PL,Poland,2011,2.4061763286590576
POL,PL,Poland,2012,-0.3736805021762848
POL,PL,Poland,2013,-0.3145777881145477
POL,PL,Poland,2014,0.2320891618728637
POL,PL,Poland,2015,0.7943637371063232
POL,PL,Poland,2016,0.9097693562507628
POL,PL,Poland,2017,2.373256206512451
POL,PL,Poland,2018,3.2948641777038574
PRT,PT,Portugal,1980,-0.3227579891681671
PRT,PT,Portugal,1981,-2.2061767578125
PRT,PT,Portugal,1982,-0.9410672187805176
PRT,PT,Portugal,1983,-5.454014301300049
PRT,PT,Portugal,1984,-3.346883773803711
PRT,PT,Portugal,1985,1.5390310287475586
PRT,PT,Portugal,1986,2.1430857181549072
PRT,PT,Portugal,1987,2.098240852355957
PRT,PT,Portugal,1988,3.000061511993408
PRT,PT,Portugal,1989,2.3157427310943604
PRT,PT,Portugal,1990,-0.3840284943580627
PRT,PT,Portugal,1991,-0.3388527929782867
PRT,PT,Portugal,1992,-1.9990953207015991
PRT,PT,Portugal,1993,-2.9039149284362797
PRT,PT,Portugal,1994,-1.0408658981323242
PRT,PT,Portugal,1995,2.4932310581207275
PRT,PT,Portugal,1996,-0.0384046472609043
PRT,PT,Portugal,1997,-0.1284427940845489
PRT,PT,Portugal,1998,-0.2377797067165374
PRT,PT,Portugal,1999,-0.2698070406913757
PRT,PT,Portugal,2000,-0.5816625952720642
PRT,PT,Portugal,2001,-0.7644999027252197
PRT,PT,Portugal,2002,-0.6991639733314514
PRT,PT,Portugal,2003,-1.2059803009033203
PRT,PT,Portugal,2004,1.34977388381958
PRT,PT,Portugal,2005,0.1983659118413925
PRT,PT,Portugal,2006,-0.2843598425388336
PRT,PT,Portugal,2007,0.7534607648849487
PRT,PT,Portugal,2008,-1.6149945259094238
PRT,PT,Portugal,2009,-2.709911823272705
PRT,PT,Portugal,2010,1.3764996528625488
PRT,PT,Portugal,2011,-1.0193545818328855
PRT,PT,Portugal,2012,-1.747927188873291
PRT,PT,Portugal,2013,0.6244718432426453
PRT,PT,Portugal,2014,-0.5303747057914734
PRT,PT,Portugal,2015,0.3449519872665405
PRT,PT,Portugal,2016,0.5812798738479614
PRT,PT,Portugal,2017,0.935952603816986
PRT,PT,Portugal,2018,0.3828566968441009
PRY,PY,Paraguay,1980,1.6167680025100708
PRY,PY,Paraguay,1981,-0.9241978526115416
PRY,PY,Paraguay,1982,-8.11899471282959
PRY,PY,Paraguay,1983,-9.222407341003418
PRY,PY,Paraguay,1984,-3.237276554107666
PRY,PY,Paraguay,1985,-1.4252643585205078
PRY,PY,Paraguay,1986,-0.7766085863113403
PRY,PY,Paraguay,1987,1.5871487855911257
PRY,PY,Paraguay,1988,-0.0355571843683719
PRY,PY,Paraguay,1989,0.8147781491279602
PRY,PY,Paraguay,1990,-2.0855062007904053
PRY,PY,Paraguay,1991,-2.476943016052246
PRY,PY,Paraguay,1992,-2.399219751358032
PRY,PY,Paraguay,1993,0.6554751396179199
PRY,PY,Paraguay,1994,0.9682446122169496
PRY,PY,Paraguay,1995,2.3107030391693115
PRY,PY,Paraguay,1996,-1.899495005607605
PRY,PY,Paraguay,1997,0.5026154518127441
PRY,PY,Paraguay,1998,-2.4857876300811768
PRY,PY,Paraguay,1999,-3.306002140045166
PRY,PY,Paraguay,2000,-4.518770217895508
PRY,PY,Paraguay,2001,-4.008869171142578
PRY,PY,Paraguay,2002,-3.3460681438446045
PRY,PY,Paraguay,2003,-0.0590246468782424
PRY,PY,Paraguay,2004,-2.9725191593170166
PRY,PY,Paraguay,2005,-2.1691160202026367
PRY,PY,Paraguay,2006,2.8730034828186035
PRY,PY,Paraguay,2007,0.4291737377643585
PRY,PY,Paraguay,2008,1.6407861709594729
PRY,PY,Paraguay,2009,-3.698240041732788
PRY,PY,Paraguay,2010,7.368449211120605
PRY,PY,Paraguay,2011,-0.1585510373115539
PRY,PY,Paraguay,2012,-6.082442283630371
PRY,PY,Paraguay,2013,5.69219970703125
PRY,PY,Paraguay,2014,3.192847967147827
PRY,PY,Paraguay,2015,-0.0933467373251915
PRY,PY,Paraguay,2016,0.8937761783599854
PRY,PY,Paraguay,2017,0.1057920530438423
PRY,PY,Paraguay,2018,-1.470320463180542
QAT,QA,Qatar,1980,-6.5427985191345215
QAT,QA,Qatar,1981,-0.976529598236084
QAT,QA,Qatar,1982,-8.421998977661133
QAT,QA,Qatar,1983,0.0023537841625511
QAT,QA,Qatar,1984,7.674429416656494
QAT,QA,Qatar,1985,0.1868291348218917
QAT,QA,Qatar,1986,8.17393684387207
QAT,QA,Qatar,1987,3.9254558086395264
QAT,QA,Qatar,1988,7.059924602508545
QAT,QA,Qatar,1989,6.08294677734375
QAT,QA,Qatar,1990,2.115330934524536
QAT,QA,Qatar,1991,-2.871666669845581
QAT,QA,Qatar,1992,7.90310001373291
QAT,QA,Qatar,1993,-2.661912441253662
QAT,QA,Qatar,1994,0.211819440126419
QAT,QA,Qatar,1995,-4.033123016357422
QAT,QA,Qatar,1996,-2.4538333415985107
QAT,QA,Qatar,1997,14.260047912597656
QAT,QA,Qatar,1998,4.336041450500488
QAT,QA,Qatar,1999,1.3431440591812134
QAT,QA,Qatar,2000,6.017913341522217
QAT,QA,Qatar,2001,-7.463136196136475
QAT,QA,Qatar,2002,-3.033905267715454
QAT,QA,Qatar,2003,-12.60219955444336
QAT,QA,Qatar,2004,2.1544337272644043
QAT,QA,Qatar,2005,-5.43288516998291
QAT,QA,Qatar,2006,-0.2521277368068695
QAT,QA,Qatar,2007,-15.199607849121094
QAT,QA,Qatar,2008,-7.433070182800293
QAT,QA,Qatar,2009,-4.4065046310424805
QAT,QA,Qatar,2010,6.593229293823242
QAT,QA,Qatar,2011,4.134323120117188
QAT,QA,Qatar,2012,-4.408915996551514
QAT,QA,Qatar,2013,-6.023107528686523
QAT,QA,Qatar,2014,-4.101771354675293
QAT,QA,Qatar,2015,-3.921796321868897
QAT,QA,Qatar,2016,-6.111767768859863
QAT,QA,Qatar,2017,-3.017155647277832
QAT,QA,Qatar,2018,-3.527817726135254
ROU,RO,Romania,1980,-1.493696212768555
ROU,RO,Romania,1981,-4.514194488525391
ROU,RO,Romania,1982,-0.2529701292514801
ROU,RO,Romania,1983,2.5118353366851807
ROU,RO,Romania,1984,2.7239632606506348
ROU,RO,Romania,1985,-3.621926069259644
ROU,RO,Romania,1986,-1.1074745655059814
ROU,RO,Romania,1987,-1.9364097118377688
ROU,RO,Romania,1988,-2.523934364318848
ROU,RO,Romania,1989,-10.190803527832031
ROU,RO,Romania,1990,-5.038060188293457
ROU,RO,Romania,1991,-9.329843521118164
ROU,RO,Romania,1992,-2.5404610633850098
ROU,RO,Romania,1993,3.938575744628906
ROU,RO,Romania,1994,5.149929523468018
ROU,RO,Romania,1995,7.797534942626953
ROU,RO,Romania,1996,5.022951602935791
ROU,RO,Romania,1997,-5.856931209564209
ROU,RO,Romania,1998,-1.4827545881271362
ROU,RO,Romania,1999,-0.2462561726570129
ROU,RO,Romania,2000,1.7769486904144287
ROU,RO,Romania,2001,4.491574764251709
ROU,RO,Romania,2002,9.712297439575195
ROU,RO,Romania,2003,8.408185005187988
ROU,RO,Romania,2004,9.035310745239258
ROU,RO,Romania,2005,13.502178192138672
ROU,RO,Romania,2006,5.858717918395996
ROU,RO,Romania,2007,-0.363173097372055
ROU,RO,Romania,2008,-15.172679901123049
ROU,RO,Romania,2009,-6.335963249206543
ROU,RO,Romania,2010,-5.789411544799805
ROU,RO,Romania,2011,0.3295953273773193
ROU,RO,Romania,2012,2.8379244804382324
ROU,RO,Romania,2013,2.388727188110352
ROU,RO,Romania,2014,1.3500372171401978
ROU,RO,Romania,2015,2.656059503555298
ROU,RO,Romania,2016,3.3601326942443848
ROU,RO,Romania,2017,3.6798558235168457
ROU,RO,Romania,2018,2.1118693351745605
RUS,RU,Russian Federation,1980,-0.4821975827217102
RUS,RU,Russian Federation,1981,-1.1269952058792114
RUS,RU,Russian Federation,1982,-0.918374240398407
RUS,RU,Russian Federation,1983,-0.5573988556861877
RUS,RU,Russian Federation,1984,-1.8926975727081297
RUS,RU,Russian Federation,1985,-1.0596754550933838
RUS,RU,Russian Federation,1986,-1.5014283657073977
RUS,RU,Russian Federation,1987,-2.3192005157470703
RUS,RU,Russian Federation,1988,1.1009608507156372
RUS,RU,Russian Federation,1989,0.5356433987617493
RUS,RU,Russian Federation,1990,-5.741339206695557
RUS,RU,Russian Federation,1991,-5.863890171051025
RUS,RU,Russian Federation,1992,-15.296431541442873
RUS,RU,Russian Federation,1993,-8.254563331604004
RUS,RU,Russian Federation,1994,-10.764357566833496
RUS,RU,Russian Federation,1995,-0.9078996181488036
RUS,RU,Russian Federation,1996,3.716740369796753
RUS,RU,Russian Federation,1997,1.062363862991333
RUS,RU,Russian Federation,1998,-5.615288257598877
RUS,RU,Russian Federation,1999,-3.399334192276001
RUS,RU,Russian Federation,2000,8.924882888793945
RUS,RU,Russian Federation,2001,5.470448017120361
RUS,RU,Russian Federation,2002,1.1458313465118408
RUS,RU,Russian Federation,2003,-0.2104820311069488
RUS,RU,Russian Federation,2004,0.7203447818756104
RUS,RU,Russian Federation,2005,1.3672035932540894
RUS,RU,Russian Federation,2006,4.6627044677734375
RUS,RU,Russian Federation,2007,3.954880952835083
RUS,RU,Russian Federation,2008,2.825198173522949
RUS,RU,Russian Federation,2009,0.4282531440258026
RUS,RU,Russian Federation,2010,-4.035410404205322
RUS,RU,Russian Federation,2011,2.4658548831939697
RUS,RU,Russian Federation,2012,2.3345205783843994
RUS,RU,Russian Federation,2013,0.8461042046546936
RUS,RU,Russian Federation,2014,0.3107832074165344
RUS,RU,Russian Federation,2015,-0.0747543349862098
RUS,RU,Russian Federation,2016,0.9992621541023254
RUS,RU,Russian Federation,2017,2.3759894371032715
RUS,RU,Russian Federation,2018,2.299114942550659
RWA,RW,Rwanda,1981,0.8936055898666382
RWA,RW,Rwanda,1982,0.1727601289749145
RWA,RW,Rwanda,1983,2.08585786819458
RWA,RW,Rwanda,1984,-10.087324142456056
RWA,RW,Rwanda,1985,-2.604947566986084
RWA,RW,Rwanda,1986,0.3272132277488708
RWA,RW,Rwanda,1987,-8.155067443847656
RWA,RW,Rwanda,1988,0.9684097170829772
RWA,RW,Rwanda,1989,-4.789932727813721
RWA,RW,Rwanda,1990,-5.925156116485596
RWA,RW,Rwanda,1991,-4.341485500335693
RWA,RW,Rwanda,1992,6.5728068351745605
RWA,RW,Rwanda,1993,-6.90103816986084
RWA,RW,Rwanda,1994,-64.29300689697266
RWA,RW,Rwanda,1995,26.925704956054688
RWA,RW,Rwanda,1996,8.783074378967285
RWA,RW,Rwanda,1997,7.550517559051514
RWA,RW,Rwanda,1998,2.4029486179351807
RWA,RW,Rwanda,1999,-0.8644534349441528
RWA,RW,Rwanda,2000,3.594470500946045
RWA,RW,Rwanda,2001,3.235379934310913
RWA,RW,Rwanda,2002,8.25031852722168
RWA,RW,Rwanda,2003,-1.6784827709197998
RWA,RW,Rwanda,2004,3.589682340621948
RWA,RW,Rwanda,2005,4.748329162597656
RWA,RW,Rwanda,2006,5.171245098114014
RWA,RW,Rwanda,2007,1.455155611038208
RWA,RW,Rwanda,2008,4.029335498809815
RWA,RW,Rwanda,2009,0.1091595962643623
RWA,RW,Rwanda,2010,1.437573790550232
RWA,RW,Rwanda,2011,2.0294575691223145
RWA,RW,Rwanda,2012,2.152461051940918
RWA,RW,Rwanda,2013,-1.89937686920166
RWA,RW,Rwanda,2014,0.269563615322113
RWA,RW,Rwanda,2015,2.216663122177124
RWA,RW,Rwanda,2016,-0.6764729619026184
RWA,RW,Rwanda,2017,-0.463707834482193
RWA,RW,Rwanda,2018,1.3306293487548828
SAU,SA,Saudi Arabia,1980,-3.632910251617432
SAU,SA,Saudi Arabia,1981,-5.91996431350708
SAU,SA,Saudi Arabia,1982,-24.187227249145508
SAU,SA,Saudi Arabia,1983,-18.445051193237305
SAU,SA,Saudi Arabia,1984,-6.833275318145752
SAU,SA,Saudi Arabia,1985,-11.78105926513672
SAU,SA,Saudi Arabia,1986,14.908594131469728
SAU,SA,Saudi Arabia,1987,-5.269528865814209
SAU,SA,Saudi Arabia,1988,10.064464569091797
SAU,SA,Saudi Arabia,1989,-0.9807323813438416
SAU,SA,Saudi Arabia,1990,11.189306259155272
SAU,SA,Saudi Arabia,1991,9.348969459533691
SAU,SA,Saudi Arabia,1992,0.3800913095474243
SAU,SA,Saudi Arabia,1993,-3.9707090854644775
SAU,SA,Saudi Arabia,1994,-1.460538029670715
SAU,SA,Saudi Arabia,1995,-1.904595971107483
SAU,SA,Saudi Arabia,1996,-0.4839707016944885
SAU,SA,Saudi Arabia,1997,-2.2742722034454346
SAU,SA,Saudi Arabia,1998,-1.744449019432068
SAU,SA,Saudi Arabia,1999,-8.578598022460938
SAU,SA,Saudi Arabia,2000,-1.5399973392486572
SAU,SA,Saudi Arabia,2001,-8.649026870727539
SAU,SA,Saudi Arabia,2002,-10.845934867858888
SAU,SA,Saudi Arabia,2003,1.9702341556549072
SAU,SA,Saudi Arabia,2004,-2.17427134513855
SAU,SA,Saudi Arabia,2005,-2.263254404067993
SAU,SA,Saudi Arabia,2006,-7.346390724182129
SAU,SA,Saudi Arabia,2007,-6.840484142303467
SAU,SA,Saudi Arabia,2008,1.6074116230010986
SAU,SA,Saudi Arabia,2009,-18.644012451171875
SAU,SA,Saudi Arabia,2010,-1.7358070611953735
SAU,SA,Saudi Arabia,2011,1.897598147392273
SAU,SA,Saudi Arabia,2012,2.048417329788208
SAU,SA,Saudi Arabia,2013,0.5295277237892151
SAU,SA,Saudi Arabia,2014,2.037687301635742
SAU,SA,Saudi Arabia,2015,2.6453869342803955
SAU,SA,Saudi Arabia,2016,1.609533429145813
SAU,SA,Saudi Arabia,2017,-0.366343230009079
SAU,SA,Saudi Arabia,2018,3.2038378715515137
SDN,SD,Sudan,1980,-1.4532779455184937
SDN,SD,Sudan,1981,-0.3083345890045166
SDN,SD,Sudan,1982,-0.0915869027376174
SDN,SD,Sudan,1983,-3.656829357147217
SDN,SD,Sudan,1984,-2.791226625442505
SDN,SD,Sudan,1985,-10.676414489746094
SDN,SD,Sudan,1986,2.673659324645996
SDN,SD,Sudan,1987,12.023813247680664
SDN,SD,Sudan,1988,-2.4330241680145264
SDN,SD,Sudan,1989,7.352611064910889
SDN,SD,Sudan,1990,-8.393157958984375
SDN,SD,Sudan,1991,3.0364925861358643
SDN,SD,Sudan,1992,-0.7282920479774475
SDN,SD,Sudan,1993,-1.495509386062622
SDN,SD,Sudan,1994,-6.313098907470703
SDN,SD,Sudan,1995,-0.9985367655754088
SDN,SD,Sudan,1996,-4.96340799331665
SDN,SD,Sudan,1997,-0.0773978605866432
SDN,SD,Sudan,1998,-9.558411598205566
SDN,SD,Sudan,1999,2.3724544048309326
SDN,SD,Sudan,2000,1.4474722146987915
SDN,SD,Sudan,2001,-1.1514064073562622
SDN,SD,Sudan,2002,-6.4900102615356445
SDN,SD,Sudan,2003,-0.1871295124292373
SDN,SD,Sudan,2004,-2.091203212738037
SDN,SD,Sudan,2005,-1.3156286478042605
SDN,SD,Sudan,2006,4.785420894622803
SDN,SD,Sudan,2007,5.447124004364014
SDN,SD,Sudan,2008,3.183891534805298
SDN,SD,Sudan,2009,-1.8660037517547607
SDN,SD,Sudan,2010,-0.0708474814891815
SDN,SD,Sudan,2011,-4.940528392791748
SDN,SD,Sudan,2012,-1.720554232597351
SDN,SD,Sudan,2013,2.075783491134644
SDN,SD,Sudan,2014,0.197881743311882
SDN,SD,Sudan,2015,2.142202615737915
SDN,SD,Sudan,2016,1.863654375076294
SDN,SD,Sudan,2017,1.3589011430740356
SDN,SD,Sudan,2018,-5.342103004455566
SEN,SN,Senegal,1980,-5.303103446960449
SEN,SN,Senegal,1981,2.9741246700286865
SEN,SN,Senegal,1982,4.891016006469727
SEN,SN,Senegal,1983,-7.378409385681152
SEN,SN,Senegal,1984,1.5409234762191772
SEN,SN,Senegal,1985,1.190861463546753
SEN,SN,Senegal,1986,0.1541914641857147
SEN,SN,Senegal,1987,2.4401798248291016
SEN,SN,Senegal,1988,-3.877591371536255
SEN,SN,Senegal,1989,0.5865172743797302
SEN,SN,Senegal,1990,-3.822062730789185
SEN,SN,Senegal,1991,-0.8541576862335205
SEN,SN,Senegal,1992,-1.1849079132080078
SEN,SN,Senegal,1993,-0.5547677278518677
SEN,SN,Senegal,1994,-2.3483755588531494
SEN,SN,Senegal,1995,2.39217472076416
SEN,SN,Senegal,1996,-0.9614330530166626
SEN,SN,Senegal,1997,0.0348017737269401
SEN,SN,Senegal,1998,1.7794270515441897
SEN,SN,Senegal,1999,2.420891761779785
SEN,SN,Senegal,2000,-0.6285282969474792
SEN,SN,Senegal,2001,0.7372825145721436
SEN,SN,Senegal,2002,-2.6695094108581543
SEN,SN,Senegal,2003,3.133723258972168
SEN,SN,Senegal,2004,1.5996812582015991
SEN,SN,Senegal,2005,0.9120323061943054
SEN,SN,Senegal,2006,-2.1894173622131348
SEN,SN,Senegal,2007,-0.2672930955886841
SEN,SN,Senegal,2008,-1.5704448223114014
SEN,SN,Senegal,2009,-3.119105815887451
SEN,SN,Senegal,2010,-1.2937541007995603
SEN,SN,Senegal,2011,-3.5712103843688965
SEN,SN,Senegal,2012,-0.0650089457631111
SEN,SN,Senegal,2013,-2.8448116779327397
SEN,SN,Senegal,2014,0.9088298678398132
SEN,SN,Senegal,2015,0.6686712503433228
SEN,SN,Senegal,2016,0.2096098661422729
SEN,SN,Senegal,2017,0.5129395127296448
SEN,SN,Senegal,2018,-0.3935852646827698
SGP,SG,Singapore,1980,1.0276583433151243
SGP,SG,Singapore,1981,-0.9348695278167723
SGP,SG,Singapore,1982,-3.360724449157715
SGP,SG,Singapore,1983,0.2119423747062683
SGP,SG,Singapore,1984,1.0611263513565063
SGP,SG,Singapore,1985,-3.711533784866333
SGP,SG,Singapore,1986,-0.3421350419521332
SGP,SG,Singapore,1987,5.087195873260498
SGP,SG,Singapore,1988,4.490467548370361
SGP,SG,Singapore,1989,3.05325698852539
SGP,SG,Singapore,1990,2.212754726409912
SGP,SG,Singapore,1991,-0.9564017653465272
SGP,SG,Singapore,1992,-0.9649330377578736
SGP,SG,Singapore,1993,3.597012996673584
SGP,SG,Singapore,1994,2.96035099029541
SGP,SG,Singapore,1995,-1.2430943250656128
SGP,SG,Singapore,1996,-2.705946922302246
SGP,SG,Singapore,1997,-1.6341195106506348
SGP,SG,Singapore,1998,-8.845022201538086
SGP,SG,Singapore,1999,0.4626843333244324
SGP,SG,Singapore,2000,0.813957154750824
SGP,SG,Singapore,2001,-6.789693832397461
SGP,SG,Singapore,2002,2.002142906188965
SGP,SG,Singapore,2003,3.21987533569336
SGP,SG,Singapore,2004,6.120718479156494
SGP,SG,Singapore,2005,2.985849618911743
SGP,SG,Singapore,2006,1.8295716047286987
SGP,SG,Singapore,2007,0.7459395527839661
SGP,SG,Singapore,2008,-6.567487716674805
SGP,SG,Singapore,2009,-5.004885196685791
SGP,SG,Singapore,2010,7.428328990936279
SGP,SG,Singapore,2011,-0.0143251875415444
SGP,SG,Singapore,2012,-1.8272384405136108
SGP,SG,Singapore,2013,-1.550194501876831
SGP,SG,Singapore,2014,-1.988930106163025
SGP,SG,Singapore,2015,-2.20040225982666
SGP,SG,Singapore,2016,-1.5751357078552246
SGP,SG,Singapore,2017,-0.2449023723602295
SGP,SG,Singapore,2018,0.7320993542671204
SLE,SL,Sierra Leone,1981,-0.9513176679611206
SLE,SL,Sierra Leone,1982,1.5638290643692017
SLE,SL,Sierra Leone,1983,-5.465475559234619
SLE,SL,Sierra Leone,1984,1.242576241493225
SLE,SL,Sierra Leone,1985,-8.608591079711914
SLE,SL,Sierra Leone,1986,-2.2754695415496826
SLE,SL,Sierra Leone,1987,4.02473783493042
SLE,SL,Sierra Leone,1988,-10.768174171447754
SLE,SL,Sierra Leone,1989,-2.8133370876312256
SLE,SL,Sierra Leone,1990,1.0274136066436768
SLE,SL,Sierra Leone,1991,0.5723963379859924
SLE,SL,Sierra Leone,1992,-22.91415786743164
SLE,SL,Sierra Leone,1993,2.101823568344116
SLE,SL,Sierra Leone,1994,-2.439449548721313
SLE,SL,Sierra Leone,1995,-8.071915626525879
SLE,SL,Sierra Leone,1996,1.7207268476486206
SLE,SL,Sierra Leone,1997,-4.789243221282959
SLE,SL,Sierra Leone,1998,2.807005882263184
SLE,SL,Sierra Leone,1999,-1.0593912601470947
SLE,SL,Sierra Leone,2000,5.970873355865479
SLE,SL,Sierra Leone,2001,-8.348722457885742
SLE,SL,Sierra Leone,2002,20.71487617492676
SLE,SL,Sierra Leone,2003,5.615735054016113
SLE,SL,Sierra Leone,2004,2.0769333839416504
SLE,SL,Sierra Leone,2005,1.2156826257705688
SLE,SL,Sierra Leone,2006,1.5667210817337036
SLE,SL,Sierra Leone,2007,5.130434989929199
SLE,SL,Sierra Leone,2008,2.118201494216919
SLE,SL,Sierra Leone,2009,-1.028257131576538
SLE,SL,Sierra Leone,2010,-7.062000751495361
SLE,SL,Sierra Leone,2011,-8.636497497558594
SLE,SL,Sierra Leone,2012,5.3533220291137695
SLE,SL,Sierra Leone,2013,13.185956001281738
SLE,SL,Sierra Leone,2014,-1.993333101272583
SLE,SL,Sierra Leone,2015,-28.01332092285156
SLE,SL,Sierra Leone,2016,1.285822510719299
SLE,SL,Sierra Leone,2017,-0.4790636599063873
SLE,SL,Sierra Leone,2018,-1.1455596685409546
SRB,RS,Serbia,1995,4.520837306976318
SRB,RS,Serbia,1996,-1.3101692199707031
SRB,RS,Serbia,1997,4.477581977844238
SRB,RS,Serbia,1998,-2.4680731296539307
SRB,RS,Serbia,1999,-13.66029930114746
SRB,RS,Serbia,2000,6.5489420890808105
SRB,RS,Serbia,2001,4.412741184234619
SRB,RS,Serbia,2002,6.61118221282959
SRB,RS,Serbia,2003,3.9405479431152335
SRB,RS,Serbia,2004,9.863845825195312
SRB,RS,Serbia,2005,10.346136093139648
SRB,RS,Serbia,2006,3.197780132293701
SRB,RS,Serbia,2007,0.9739052057266236
SRB,RS,Serbia,2008,0.4642053246498108
SRB,RS,Serbia,2009,0.3652378916740417
SRB,RS,Serbia,2010,4.3516130447387695
SRB,RS,Serbia,2011,4.861289024353027
SRB,RS,Serbia,2012,-1.5870373249053955
SRB,RS,Serbia,2013,-1.0673507452011108
SRB,RS,Serbia,2014,-5.648781776428223
SRB,RS,Serbia,2015,-0.151864156126976
SRB,RS,Serbia,2016,-2.2321937084198
SRB,RS,Serbia,2017,-1.4096596240997314
SRB,RS,Serbia,2018,2.308253526687622
STP,ST,Sao Tome and Principe,1991,-6.1766676902771
STP,ST,Sao Tome and Principe,1992,-6.138441562652588
STP,ST,Sao Tome and Principe,1993,-6.672330856323242
STP,ST,Sao Tome and Principe,1994,-2.4610249996185303
STP,ST,Sao Tome and Principe,1995,-2.310574769973755
STP,ST,Sao Tome and Principe,1996,-4.540487766265869
STP,ST,Sao Tome and Principe,1997,-2.924511671066284
STP,ST,Sao Tome and Principe,1998,-1.8734360933303835
STP,ST,Sao Tome and Principe,1999,-3.019284963607788
STP,ST,Sao Tome and Principe,2000,-3.7434606552124015
STP,ST,Sao Tome and Principe,2001,-7.367980003356934
STP,ST,Sao Tome and Principe,2002,1.416165828704834
STP,ST,Sao Tome and Principe,2003,1.0690761804580688
STP,ST,Sao Tome and Principe,2004,0.9795023798942566
STP,ST,Sao Tome and Principe,2005,2.9229226112365723
STP,ST,Sao Tome and Principe,2006,4.9495930671691895
STP,ST,Sao Tome and Principe,2007,-3.6771087646484375
STP,ST,Sao Tome and Principe,2008,1.0354983806610107
STP,ST,Sao Tome and Principe,2009,-3.213130235671997
STP,ST,Sao Tome and Principe,2010,5.088746070861816
STP,ST,Sao Tome and Principe,2011,5.956302165985107
STP,ST,Sao Tome and Principe,2012,3.385636806488037
STP,ST,Sao Tome and Principe,2013,-3.6879594326019287
STP,ST,Sao Tome and Principe,2014,13.947955131530762
STP,ST,Sao Tome and Principe,2015,-7.800999164581299
STP,ST,Sao Tome and Principe,2016,-6.347387313842773
STP,ST,Sao Tome and Principe,2017,-2.3064801692962646
SUR,SR,Suriname,1991,7.3648200035095215
SUR,SR,Suriname,1992,-0.4786548316478729
SUR,SR,Suriname,1993,-7.146782875061035
SUR,SR,Suriname,1994,-1.433327317237854
SUR,SR,Suriname,1995,-6.536528587341309
SUR,SR,Suriname,1996,0.9512283205986024
SUR,SR,Suriname,1997,4.514364719390869
SUR,SR,Suriname,1998,1.747876763343811
SUR,SR,Suriname,1999,-10.433868408203123
SUR,SR,Suriname,2000,-2.931925058364868
SUR,SR,Suriname,2001,-2.2963671684265137
SUR,SR,Suriname,2002,-1.7433494329452517
SUR,SR,Suriname,2003,1.806687951087952
SUR,SR,Suriname,2004,1.4880712032318115
SUR,SR,Suriname,2005,-1.825143337249756
SUR,SR,Suriname,2006,1.327957034111023
SUR,SR,Suriname,2007,-2.021158218383789
SUR,SR,Suriname,2008,-0.6678996682167053
SUR,SR,Suriname,2009,-5.035506248474121
SUR,SR,Suriname,2010,-1.7777191400527954
SUR,SR,Suriname,2011,-1.9789785146713257
SUR,SR,Suriname,2012,-1.0572011470794678
SUR,SR,Suriname,2013,-1.3328088521957395
SUR,SR,Suriname,2014,-1.832931399345398
SUR,SR,Suriname,2015,-4.38844633102417
SUR,SR,Suriname,2016,-4.630253314971924
SUR,SR,Suriname,2017,0.3959652483463287
SVK,SK,Slovak Republic,1995,3.273374319076538
SVK,SK,Slovak Republic,1996,3.4422202110290527
SVK,SK,Slovak Republic,1997,4.242679595947266
SVK,SK,Slovak Republic,1998,2.267937421798706
SVK,SK,Slovak Republic,1999,0.1112656965851783
SVK,SK,Slovak Republic,2000,1.6885913610458374
SVK,SK,Slovak Republic,2001,0.8784537315368652
SVK,SK,Slovak Republic,2002,2.428377628326416
SVK,SK,Slovak Republic,2003,3.0123417377471924
SVK,SK,Slovak Republic,2004,3.4891586303710938
SVK,SK,Slovak Republic,2005,3.1640727519989014
SVK,SK,Slovak Republic,2006,5.151644706726074
SVK,SK,Slovak Republic,2007,6.920380592346191
SVK,SK,Slovak Republic,2008,1.6299915313720703
SVK,SK,Slovak Republic,2009,-5.318019390106201
SVK,SK,Slovak Republic,2010,4.988895893096924
SVK,SK,Slovak Republic,2011,0.2788239419460296
SVK,SK,Slovak Republic,2012,0.8079290390014648
SVK,SK,Slovak Republic,2013,0.0877605974674224
SVK,SK,Slovak Republic,2014,0.7667830586433411
SVK,SK,Slovak Republic,2015,1.7422173023223877
SVK,SK,Slovak Republic,2016,-0.5542736649513245
SVK,SK,Slovak Republic,2017,0.361286461353302
SVK,SK,Slovak Republic,2018,1.6422276496887207
SVN,SI,Slovenia,1995,1.947996973991394
SVN,SI,Slovenia,1996,2.566111326217652
SVN,SI,Slovenia,1997,4.085905075073242
SVN,SI,Slovenia,1998,1.0528223514556885
SVN,SI,Slovenia,1999,1.6932835578918457
SVN,SI,Slovenia,2000,0.6268340945243835
SVN,SI,Slovenia,2001,1.0173479318618774
SVN,SI,Slovenia,2002,0.9081071615219116
SVN,SI,Slovenia,2003,1.7760467529296875
SVN,SI,Slovenia,2004,2.625420570373535
SVN,SI,Slovenia,2005,2.6843717098236084
SVN,SI,Slovenia,2006,2.5427844524383545
SVN,SI,Slovenia,2007,2.52278208732605
SVN,SI,Slovenia,2008,-0.0794837996363639
SVN,SI,Slovenia,2009,-7.364185333251953
SVN,SI,Slovenia,2010,2.279945373535156
SVN,SI,Slovenia,2011,1.416700005531311
SVN,SI,Slovenia,2012,-2.3603687286376958
SVN,SI,Slovenia,2013,-0.7467358112335205
SVN,SI,Slovenia,2014,1.9786405563354488
SVN,SI,Slovenia,2015,0.7553510665893555
SVN,SI,Slovenia,2016,1.3117940425872805
SVN,SI,Slovenia,2017,1.987831115722656
SVN,SI,Slovenia,2018,1.4765160083770752
SWE,SE,Sweden,1980,-0.4273127913475036
SWE,SE,Sweden,1981,-0.8052062392234802
SWE,SE,Sweden,1982,0.2183035910129547
SWE,SE,Sweden,1983,0.4946110248565674
SWE,SE,Sweden,1984,2.129469871520996
SWE,SE,Sweden,1985,-0.2963340282440185
SWE,SE,Sweden,1986,0.660636305809021
SWE,SE,Sweden,1987,1.0226136445999146
SWE,SE,Sweden,1988,-0.1938219964504242
SWE,SE,Sweden,1989,-0.5175562500953674
SWE,SE,Sweden,1990,-1.7501989603042605
SWE,SE,Sweden,1991,-1.005375862121582
SWE,SE,Sweden,1992,1.2436052560806274
SWE,SE,Sweden,1993,1.2264840602874756
SWE,SE,Sweden,1994,4.06915807723999
SWE,SE,Sweden,1995,2.2777762413024902
SWE,SE,Sweden,1996,1.2552560567855835
SWE,SE,Sweden,1997,2.9552559852600098
SWE,SE,Sweden,1998,2.013958215713501
SWE,SE,Sweden,1999,1.7083072662353516
SWE,SE,Sweden,2000,2.0729613304138184
SWE,SE,Sweden,2001,-1.0065064430236816
SWE,SE,Sweden,2002,1.276007890701294
SWE,SE,Sweden,2003,1.6610108613967896
SWE,SE,Sweden,2004,3.630625009536743
SWE,SE,Sweden,2005,1.4945307970046997
SWE,SE,Sweden,2006,2.1561150550842285
SWE,SE,Sweden,2007,0.5656312108039856
SWE,SE,Sweden,2008,-2.082832336425781
SWE,SE,Sweden,2009,-3.519990921020508
SWE,SE,Sweden,2010,4.649350643157959
SWE,SE,Sweden,2011,0.8996376991271973
SWE,SE,Sweden,2012,-1.809443473815918
SWE,SE,Sweden,2013,-0.1789384484291076
SWE,SE,Sweden,2014,1.108403205871582
SWE,SE,Sweden,2015,2.39217472076416
SWE,SE,Sweden,2016,0.3131954669952392
SWE,SE,Sweden,2017,-0.0307948440313339
SWE,SE,Sweden,2018,0.0696021243929863
SWZ,SZ,Eswatini,1981,3.7016751766204834
SWZ,SZ,Eswatini,1982,-6.984475135803223
SWZ,SZ,Eswatini,1983,-11.805989265441896
SWZ,SZ,Eswatini,1984,8.768458366394043
SWZ,SZ,Eswatini,1985,-0.0519781224429607
SWZ,SZ,Eswatini,1986,11.73873805999756
SWZ,SZ,Eswatini,1987,8.859806060791016
SWZ,SZ,Eswatini,1988,0.7212153077125549
SWZ,SZ,Eswatini,1989,7.206981658935547
SWZ,SZ,Eswatini,1990,14.959150314331056
SWZ,SZ,Eswatini,1991,-1.68392014503479
SWZ,SZ,Eswatini,1992,-0.7737174034118652
SWZ,SZ,Eswatini,1993,-0.0756423473358154
SWZ,SZ,Eswatini,1994,-0.7064083218574524
SWZ,SZ,Eswatini,1995,1.8055663108825684
SWZ,SZ,Eswatini,1996,2.6450603008270264
SWZ,SZ,Eswatini,1997,1.5446349382400513
SWZ,SZ,Eswatini,1998,1.252662181854248
SWZ,SZ,Eswatini,1999,3.152486085891724
SWZ,SZ,Eswatini,2000,2.613885402679444
SWZ,SZ,Eswatini,2001,2.318813800811768
SWZ,SZ,Eswatini,2002,6.008117198944092
SWZ,SZ,Eswatini,2003,5.730175018310547
SWZ,SZ,Eswatini,2004,4.960073947906494
SWZ,SZ,Eswatini,2005,7.509415149688721
SWZ,SZ,Eswatini,2006,3.836448907852173
SWZ,SZ,Eswatini,2007,2.6504995822906494
SWZ,SZ,Eswatini,2008,-1.8755090236663816
SWZ,SZ,Eswatini,2009,-0.7144616842269897
SWZ,SZ,Eswatini,2010,0.6611993908882141
SWZ,SZ,Eswatini,2011,-0.5644490122795105
SWZ,SZ,Eswatini,2012,2.363173007965088
SWZ,SZ,Eswatini,2013,0.92331725358963
SWZ,SZ,Eswatini,2014,-2.3944437503814697
SWZ,SZ,Eswatini,2015,-1.0619395971298218
SWZ,SZ,Eswatini,2016,-3.13319730758667
SWZ,SZ,Eswatini,2017,-1.7420729398727417
SWZ,SZ,Eswatini,2018,61.40376663208008
TCD,TD,Chad,1991,4.6443586349487305
TCD,TD,Chad,1992,5.321188449859619
TCD,TD,Chad,1993,-20.91393280029297
TCD,TD,Chad,1994,5.540879726409912
TCD,TD,Chad,1995,-2.8547582626342773
TCD,TD,Chad,1996,-3.260910749435425
TCD,TD,Chad,1997,-1.834782361984253
TCD,TD,Chad,1998,-3.031866312026977
TCD,TD,Chad,1999,-7.229116439819336
TCD,TD,Chad,2000,-10.724215507507324
TCD,TD,Chad,2001,-7.654342174530029
TCD,TD,Chad,2002,-9.197622299194336
TCD,TD,Chad,2003,3.3849377632141118
TCD,TD,Chad,2004,22.13388061523437
TCD,TD,Chad,2005,6.643601417541504
TCD,TD,Chad,2006,-13.34193229675293
TCD,TD,Chad,2007,-6.529984474182129
TCD,TD,Chad,2008,-5.771912097930908
TCD,TD,Chad,2009,-5.931270599365234
TCD,TD,Chad,2010,3.780939817428589
TCD,TD,Chad,2011,-8.457067489624023
TCD,TD,Chad,2012,2.616817712783813
TCD,TD,Chad,2013,3.0174896717071533
TCD,TD,Chad,2014,3.281497001647949
TCD,TD,Chad,2015,-0.4972589015960693
TCD,TD,Chad,2016,-5.539602756500244
TCD,TD,Chad,2017,-3.0894575119018555
TCD,TD,Chad,2018,2.5215160846710205
TGO,TG,Togo,1981,-1.649137020111084
TGO,TG,Togo,1982,-7.630562782287598
TGO,TG,Togo,1983,-7.921187877655029
TGO,TG,Togo,1984,5.821372985839844
TGO,TG,Togo,1985,0.0164092276245355
TGO,TG,Togo,1986,-4.209666252136231
TGO,TG,Togo,1987,-3.2894504070281982
TGO,TG,Togo,1988,0.059737104922533
TGO,TG,Togo,1989,-0.6890726685523987
TGO,TG,Togo,1990,-11.807172775268556
TGO,TG,Togo,1991,2.5856916904449463
TGO,TG,Togo,1992,-6.447519302368164
TGO,TG,Togo,1993,-15.894098281860352
TGO,TG,Togo,1994,8.470252990722656
TGO,TG,Togo,1995,2.9649205207824707
TGO,TG,Togo,1996,3.434769868850708
TGO,TG,Togo,1997,8.922142028808594
TGO,TG,Togo,1998,-5.928904056549072
TGO,TG,Togo,1999,-3.409761905670166
TGO,TG,Togo,2000,-1.7122464179992676
TGO,TG,Togo,2001,-4.328560829162598
TGO,TG,Togo,2002,-3.771797180175781
TGO,TG,Togo,2003,0.7856545448303223
TGO,TG,Togo,2004,-0.2807965874671936
TGO,TG,Togo,2005,-1.8258399963378904
TGO,TG,Togo,2006,1.8737095594406128
TGO,TG,Togo,2007,1.7323602437973022
TGO,TG,Togo,2008,0.0558159612119197
TGO,TG,Togo,2009,2.4074981212615967
TGO,TG,Togo,2010,2.6658198833465576
TGO,TG,Togo,2011,3.311042070388794
TGO,TG,Togo,2012,2.3893883228302
TGO,TG,Togo,2013,2.393738031387329
TGO,TG,Togo,2014,2.589890480041504
TGO,TG,Togo,2015,1.2426362037658691
TGO,TG,Togo,2016,0.6809139251708984
TGO,TG,Togo,2017,0.2816155552864074
TGO,TG,Togo,2018,-0.5106199383735657
THA,TH,Thailand,1980,-7.435820579528809
THA,TH,Thailand,1981,3.5184566974639893
THA,TH,Thailand,1982,-7.005825996398926
THA,TH,Thailand,1983,3.5007026195526123
THA,TH,Thailand,1984,-1.733890175819397
THA,TH,Thailand,1985,0.0413986183702945
THA,TH,Thailand,1986,0.0324167720973491
THA,TH,Thailand,1987,1.9121843576431277
THA,TH,Thailand,1988,4.320898532867432
THA,TH,Thailand,1989,3.8616812229156494
THA,TH,Thailand,1990,-0.839085042476654
THA,TH,Thailand,1991,3.635877132415772
THA,TH,Thailand,1992,-1.2735663652420044
THA,TH,Thailand,1993,1.7338238954544067
THA,TH,Thailand,1994,2.113626718521118
THA,TH,Thailand,1995,0.278982013463974
THA,TH,Thailand,1996,-1.062206149101257
THA,TH,Thailand,1997,-7.0506911277771
THA,TH,Thailand,1998,-6.144619464874268
THA,TH,Thailand,1999,2.946038722991944
THA,TH,Thailand,2000,2.099659204483032
THA,TH,Thailand,2001,0.6317076086997986
THA,TH,Thailand,2002,3.0185530185699463
THA,TH,Thailand,2003,3.754042387008667
THA,TH,Thailand,2004,2.3109724521636963
THA,TH,Thailand,2005,0.447740226984024
THA,TH,Thailand,2006,1.3767417669296265
THA,TH,Thailand,2007,1.9003323316574097
THA,TH,Thailand,2008,-1.9032827615737915
THA,TH,Thailand,2009,-3.097651243209839
THA,TH,Thailand,2010,4.805362701416016
THA,TH,Thailand,2011,-1.9031347036361692
THA,TH,Thailand,2012,3.894702434539795
THA,TH,Thailand,2013,0.5008652210235596
THA,TH,Thailand,2014,-0.0546488016843795
THA,TH,Thailand,2015,1.0760581493377686
THA,TH,Thailand,2016,1.4599934816360474
THA,TH,Thailand,2017,2.1230227947235107
THA,TH,Thailand,2018,1.7480700016021729
TJK,TJ,Tajikistan,1980,1.4579546451568604
TJK,TJ,Tajikistan,1981,-2.373934745788574
TJK,TJ,Tajikistan,1982,-5.166794776916504
TJK,TJ,Tajikistan,1983,-0.2790844440460205
TJK,TJ,Tajikistan,1984,-2.2251882553100586
TJK,TJ,Tajikistan,1985,-2.8177733421325684
TJK,TJ,Tajikistan,1986,-1.392258882522583
TJK,TJ,Tajikistan,1987,-5.656611919403076
TJK,TJ,Tajikistan,1988,9.494789123535156
TJK,TJ,Tajikistan,1989,-10.81905460357666
TJK,TJ,Tajikistan,1990,-5.146368980407715
TJK,TJ,Tajikistan,1991,-11.265788078308104
TJK,TJ,Tajikistan,1992,-35.733795166015625
TJK,TJ,Tajikistan,1993,-19.535911560058597
TJK,TJ,Tajikistan,1994,-26.97422218322754
TJK,TJ,Tajikistan,1995,-16.202674865722656
TJK,TJ,Tajikistan,1996,-17.595975875854492
TJK,TJ,Tajikistan,1997,0.4930095076560974
TJK,TJ,Tajikistan,1998,7.306262493133545
TJK,TJ,Tajikistan,1999,6.77858829498291
TJK,TJ,Tajikistan,2000,23.191347122192383
TJK,TJ,Tajikistan,2001,-10.840825080871582
TJK,TJ,Tajikistan,2002,1.1557385921478271
TJK,TJ,Tajikistan,2003,7.3273539543151855
TJK,TJ,Tajikistan,2004,6.270195484161377
TJK,TJ,Tajikistan,2005,6.341559886932373
TJK,TJ,Tajikistan,2006,16.92501449584961
TJK,TJ,Tajikistan,2007,20.911012649536133
TJK,TJ,Tajikistan,2008,4.927993297576904
TJK,TJ,Tajikistan,2009,12.036635398864746
TJK,TJ,Tajikistan,2010,1.6310997009277344
TJK,TJ,Tajikistan,2011,15.15133285522461
TJK,TJ,Tajikistan,2012,7.842682838439941
TJK,TJ,Tajikistan,2013,1.632211685180664
TJK,TJ,Tajikistan,2014,5.349080562591553
TJK,TJ,Tajikistan,2015,-3.5722835063934326
TJK,TJ,Tajikistan,2016,1.5107876062393188
TJK,TJ,Tajikistan,2017,6.818129539489746
TJK,TJ,Tajikistan,2018,0.9631603956222534
TKM,TM,Turkmenistan,2001,2.0938541889190674
TKM,TM,Turkmenistan,2002,-2.2606942653656006
TKM,TM,Turkmenistan,2003,1.3996700048446655
TKM,TM,Turkmenistan,2004,2.52000093460083
TKM,TM,Turkmenistan,2005,9.270042419433594
TKM,TM,Turkmenistan,2006,7.905650615692139
TKM,TM,Turkmenistan,2007,7.308000564575195
TKM,TM,Turkmenistan,2008,9.38190746307373
TKM,TM,Turkmenistan,2009,0.5020113587379456
TKM,TM,Turkmenistan,2010,3.43562126159668
TKM,TM,Turkmenistan,2011,8.525713920593262
TKM,TM,Turkmenistan,2012,6.521764278411865
TKM,TM,Turkmenistan,2013,5.220794200897217
TKM,TM,Turkmenistan,2014,5.3812456130981445
TKM,TM,Turkmenistan,2015,2.10382342338562
TKM,TM,Turkmenistan,2016,2.270275354385376
TKM,TM,Turkmenistan,2017,2.4901373386383057
TUN,TN,Tunisia,1980,0.920207381248474
TUN,TN,Tunisia,1981,-1.1251801252365112
TUN,TN,Tunisia,1982,-6.421166896820068
TUN,TN,Tunisia,1983,0.4307195842266083
TUN,TN,Tunisia,1984,0.0376274436712265
TUN,TN,Tunisia,1985,2.276904821395874
TUN,TN,Tunisia,1986,-3.9501383304595943
TUN,TN,Tunisia,1987,4.700866222381592
TUN,TN,Tunisia,1988,-1.7892793416976929
TUN,TN,Tunisia,1989,-0.6793765425682068
TUN,TN,Tunisia,1990,4.638789176940918
TUN,TN,Tunisia,1991,0.8067920804023743
TUN,TN,Tunisia,1992,4.319849967956543
TUN,TN,Tunisia,1993,-1.2539052963256836
TUN,TN,Tunisia,1994,-0.0336274988949298
TUN,TN,Tunisia,1995,-0.4720603227615356
TUN,TN,Tunisia,1996,4.251302242279053
TUN,TN,Tunisia,1997,2.0685057640075684
TUN,TN,Tunisia,1998,1.46239972114563
TUN,TN,Tunisia,1999,2.3199236392974854
TUN,TN,Tunisia,2000,0.9973213076591492
TUN,TN,Tunisia,2001,-0.3374249935150146
TUN,TN,Tunisia,2002,-2.0479166507720947
TUN,TN,Tunisia,2003,1.2149252891540527
TUN,TN,Tunisia,2004,2.639662504196167
TUN,TN,Tunisia,2005,-0.559200644493103
TUN,TN,Tunisia,2006,0.3654199838638305
TUN,TN,Tunisia,2007,2.149817705154419
TUN,TN,Tunisia,2008,-0.0191295221447944
TUN,TN,Tunisia,2009,-0.9246261715888976
TUN,TN,Tunisia,2010,-0.6877397894859314
TUN,TN,Tunisia,2011,-2.1548752784729004
TUN,TN,Tunisia,2012,-0.2630247473716736
TUN,TN,Tunisia,2013,-0.4810671508312225
TUN,TN,Tunisia,2014,0.1477391272783279
TUN,TN,Tunisia,2015,-0.9735525846481324
TUN,TN,Tunisia,2016,-0.6395214796066284
TUN,TN,Tunisia,2017,-0.1522786617279052
TUN,TN,Tunisia,2018,0.7239753007888794
TUR,TR,Turkiye,1980,-4.48313045501709
TUR,TR,Turkiye,1981,0.738932728767395
TUR,TR,Turkiye,1982,0.0032212433870881
TUR,TR,Turkiye,1983,1.3812886476516724
TUR,TR,Turkiye,1984,2.956989049911499
TUR,TR,Turkiye,1985,0.2925845384597778
TUR,TR,Turkiye,1986,3.4228851795196533
TUR,TR,Turkiye,1987,3.052419424057007
TUR,TR,Turkiye,1988,-2.3110697269439697
TUR,TR,Turkiye,1989,-4.070847511291504
TUR,TR,Turkiye,1990,3.7805917263031006
TUR,TR,Turkiye,1991,-4.54517126083374
TUR,TR,Turkiye,1992,0.8699089288711548
TUR,TR,Turkiye,1993,4.291787147521973
TUR,TR,Turkiye,1994,-10.761031150817873
TUR,TR,Turkiye,1995,3.2129781246185303
TUR,TR,Turkiye,1996,1.437519073486328
TUR,TR,Turkiye,1997,2.052892208099365
TUR,TR,Turkiye,1998,-2.928941249847412
TUR,TR,Turkiye,1999,-6.491391181945801
TUR,TR,Turkiye,2000,3.601080894470215
TUR,TR,Turkiye,2001,-6.732968330383301
TUR,TR,Turkiye,2002,4.807588577270508
TUR,TR,Turkiye,2003,3.128931999206543
TUR,TR,Turkiye,2004,3.865405559539795
TUR,TR,Turkiye,2005,2.6317427158355717
TUR,TR,Turkiye,2006,0.7015550136566162
TUR,TR,Turkiye,2007,-0.8049850463867188
TUR,TR,Turkiye,2008,-4.040945529937744
TUR,TR,Turkiye,2009,-7.100564479827881
TUR,TR,Turkiye,2010,2.330908298492432
TUR,TR,Turkiye,2011,3.3014376163482666
TUR,TR,Turkiye,2012,-0.8345048427581787
TUR,TR,Turkiye,2013,2.394911050796509
TUR,TR,Turkiye,2014,-1.5796799659729004
TUR,TR,Turkiye,2015,-0.114494502544403
TUR,TR,Turkiye,2016,-2.229432344436645
TUR,TR,Turkiye,2017,1.2672958374023438
TUR,TR,Turkiye,2018,-2.194770336151123
TZA,TZ,Tanzania,1980,0.0022955618333071
TZA,TZ,Tanzania,1981,-2.0920186042785645
TZA,TZ,Tanzania,1982,-0.5760881900787354
TZA,TZ,Tanzania,1983,-2.461000442504883
TZA,TZ,Tanzania,1984,3.246568441390991
TZA,TZ,Tanzania,1985,19.476945877075195
TZA,TZ,Tanzania,1986,-10.014801025390623
TZA,TZ,Tanzania,1987,-0.3549093008041382
TZA,TZ,Tanzania,1988,-2.3274149894714355
TZA,TZ,Tanzania,1989,18.4411678314209
TZA,TZ,Tanzania,1990,-14.924604415893556
TZA,TZ,Tanzania,1991,-3.129956007003784
TZA,TZ,Tanzania,1992,-4.539266586303711
TZA,TZ,Tanzania,1993,-2.3807759284973145
TZA,TZ,Tanzania,1994,-1.577670931816101
TZA,TZ,Tanzania,1995,0.9339507818222046
TZA,TZ,Tanzania,1996,3.875898599624634
TZA,TZ,Tanzania,1997,3.196502447128296
TZA,TZ,Tanzania,1998,1.998392105102539
TZA,TZ,Tanzania,1999,2.0240347385406494
TZA,TZ,Tanzania,2000,1.5196915864944458
TZA,TZ,Tanzania,2001,2.386000871658325
TZA,TZ,Tanzania,2002,2.8600172996521
TZA,TZ,Tanzania,2003,1.2127270698547363
TZA,TZ,Tanzania,2004,1.3579730987548828
TZA,TZ,Tanzania,2005,0.5182440876960754
TZA,TZ,Tanzania,2006,-1.359844446182251
TZA,TZ,Tanzania,2007,-0.8745867609977722
TZA,TZ,Tanzania,2008,-1.996398448944092
TZA,TZ,Tanzania,2009,-1.3489861488342283
TZA,TZ,Tanzania,2010,-0.4767553508281708
TZA,TZ,Tanzania,2011,-0.2191434502601623
TZA,TZ,Tanzania,2012,-2.45589017868042
TZA,TZ,Tanzania,2013,0.3964888453483581
TZA,TZ,Tanzania,2014,0.1085476875305175
TZA,TZ,Tanzania,2015,-1.0795209407806396
TZA,TZ,Tanzania,2016,-0.2403725534677505
TZA,TZ,Tanzania,2017,-0.510486900806427
TZA,TZ,Tanzania,2018,-0.8632072806358337
UKR,UA,Ukraine,1980,-2.224735736846924
UKR,UA,Ukraine,1981,-1.1365872621536257
UKR,UA,Ukraine,1982,1.5543625354766846
UKR,UA,Ukraine,1983,1.434241771697998
UKR,UA,Ukraine,1984,-0.2296220660209655
UKR,UA,Ukraine,1985,-2.7820687294006348
UKR,UA,Ukraine,1986,-1.0118058919906616
UKR,UA,Ukraine,1987,2.6393754482269287
UKR,UA,Ukraine,1988,0.5404500365257263
UKR,UA,Ukraine,1989,0.9680464267730712
UKR,UA,Ukraine,1990,-8.612302780151367
UKR,UA,Ukraine,1991,-6.34634256362915
UKR,UA,Ukraine,1992,-3.615721702575684
UKR,UA,Ukraine,1993,-4.217395782470703
UKR,UA,Ukraine,1994,-9.231328010559082
UKR,UA,Ukraine,1995,4.554723739624023
UKR,UA,Ukraine,1996,-4.277520656585693
UKR,UA,Ukraine,1997,-5.373065948486328
UKR,UA,Ukraine,1998,-2.085261106491089
UKR,UA,Ukraine,1999,6.34980058670044
UKR,UA,Ukraine,2000,0.7700303196907043
UKR,UA,Ukraine,2001,6.765963077545166
UKR,UA,Ukraine,2002,2.036316156387329
UKR,UA,Ukraine,2003,2.7866880893707275
UKR,UA,Ukraine,2004,6.528235912322998
UKR,UA,Ukraine,2005,-0.894437849521637
UKR,UA,Ukraine,2006,5.460772037506104
UKR,UA,Ukraine,2007,5.702275276184082
UKR,UA,Ukraine,2008,0.9881044030189514
UKR,UA,Ukraine,2009,-6.33903694152832
UKR,UA,Ukraine,2010,2.966681957244873
UKR,UA,Ukraine,2011,2.7977850437164307
UKR,UA,Ukraine,2012,2.8454959392547607
UKR,UA,Ukraine,2013,-2.7959442138671875
UKR,UA,Ukraine,2014,3.237739562988281
UKR,UA,Ukraine,2015,-2.2039806842803955
UKR,UA,Ukraine,2016,0.0303182825446128
UKR,UA,Ukraine,2017,3.3392434120178223
UKR,UA,Ukraine,2018,2.8487470149993896
URY,UY,Uruguay,1980,0.9977291822433472
URY,UY,Uruguay,1981,-3.4979615211486816
URY,UY,Uruguay,1982,-14.03320026397705
URY,UY,Uruguay,1983,-13.262735366821287
URY,UY,Uruguay,1984,-2.8306868076324463
URY,UY,Uruguay,1985,1.029821515083313
URY,UY,Uruguay,1986,7.659483432769775
URY,UY,Uruguay,1987,6.34516716003418
URY,UY,Uruguay,1988,0.0368746556341648
URY,UY,Uruguay,1989,-0.2618101239204407
URY,UY,Uruguay,1990,0.1518681347370147
URY,UY,Uruguay,1991,1.9336854219436648
URY,UY,Uruguay,1992,4.610964298248291
URY,UY,Uruguay,1993,0.8065993189811707
URY,UY,Uruguay,1994,3.5061752796173096
URY,UY,Uruguay,1995,-4.278010845184326
URY,UY,Uruguay,1996,2.4256649017333984
URY,UY,Uruguay,1997,4.993034839630127
URY,UY,Uruguay,1998,1.1855367422103882
URY,UY,Uruguay,1999,-4.261826515197754
URY,UY,Uruguay,2000,-3.805874824523926
URY,UY,Uruguay,2001,-5.538600921630859
URY,UY,Uruguay,2002,-7.453938961029053
URY,UY,Uruguay,2003,1.4993311166763306
URY,UY,Uruguay,2004,4.148029804229736
URY,UY,Uruguay,2005,5.4409260749816895
URY,UY,Uruguay,2006,0.5101438164710999
URY,UY,Uruguay,2007,2.343983888626098
URY,UY,Uruguay,2008,2.6427063941955566
URY,UY,Uruguay,2009,1.5635008811950684
URY,UY,Uruguay,2010,4.515393733978272
URY,UY,Uruguay,2011,1.2612766027450562
URY,UY,Uruguay,2012,0.5112414956092834
URY,UY,Uruguay,2013,1.7425470352172852
URY,UY,Uruguay,2014,-0.1489025801420211
URY,UY,Uruguay,2015,-1.0651437044143677
URY,UY,Uruguay,2016,-0.0992533415555954
URY,UY,Uruguay,2017,1.4974147081375122
URY,UY,Uruguay,2018,0.1132079139351844
USA,US,United States,1980,-2.504638910293579
USA,US,United States,1981,0.4242999255657196
USA,US,United States,1982,-2.399532556533813
USA,US,United States,1983,2.707215547561645
USA,US,United States,1984,3.050767421722412
USA,US,United States,1985,1.373098373413086
USA,US,United States,1986,0.6859948039054871
USA,US,United States,1987,0.5670515894889832
USA,US,United States,1988,1.52152419090271
USA,US,United States,1989,1.1525580883026123
USA,US,United States,1990,0.0022721528075635
USA,US,United States,1991,-0.693723201751709
USA,US,United States,1992,1.8587045669555664
USA,US,United States,1993,0.5525516867637634
USA,US,United States,1994,1.160505294799805
USA,US,United States,1995,0.1427313834428787
USA,US,United States,1996,1.1524925231933594
USA,US,United States,1997,1.1086184978485107
USA,US,United States,1998,1.3724180459976196
USA,US,United States,1999,1.4344260692596436
USA,US,United States,2000,1.0403399467468262
USA,US,United States,2001,-0.6599835157394409
USA,US,United States,2002,0.6782599091529846
USA,US,United States,2003,1.3181771039962769
USA,US,United States,2004,1.6057336330413818
USA,US,United States,2005,0.9966044425964355
USA,US,United States,2006,0.0469513684511184
USA,US,United States,2007,-0.2056355625391006
USA,US,United States,2008,-1.2718576192855835
USA,US,United States,2009,-1.0184500217437744
USA,US,United States,2010,1.994068145751953
USA,US,United States,2011,0.2740897536277771
USA,US,United States,2012,0.4326465427875519
USA,US,United States,2013,0.5321493148803711
USA,US,United States,2014,0.7605968117713928
USA,US,United States,2015,1.223777174949646
USA,US,United States,2016,-0.0040844031609594
USA,US,United States,2017,0.6512805819511414
USA,US,United States,2018,1.2659014463424685
UZB,UZ,Uzbekistan,1991,-4.319682598114014
UZB,UZ,Uzbekistan,1992,-12.146946907043455
UZB,UZ,Uzbekistan,1993,-3.300025463104248
UZB,UZ,Uzbekistan,1994,-7.308156967163086
UZB,UZ,Uzbekistan,1995,-2.510260343551636
UZB,UZ,Uzbekistan,1996,-0.7974216341972351
UZB,UZ,Uzbekistan,1997,2.7706949710845947
UZB,UZ,Uzbekistan,1998,2.57836651802063
UZB,UZ,Uzbekistan,1999,2.621391534805298
UZB,UZ,Uzbekistan,2000,1.8882938623428345
UZB,UZ,Uzbekistan,2001,1.5909491777420044
UZB,UZ,Uzbekistan,2002,0.9141159653663636
UZB,UZ,Uzbekistan,2003,1.23973548412323
UZB,UZ,Uzbekistan,2004,3.212108612060547
UZB,UZ,Uzbekistan,2005,3.5487704277038574
UZB,UZ,Uzbekistan,2006,4.117351055145264
UZB,UZ,Uzbekistan,2007,5.334061145782471
UZB,UZ,Uzbekistan,2008,4.380825996398926
UZB,UZ,Uzbekistan,2009,3.368735313415528
UZB,UZ,Uzbekistan,2010,2.991022825241089
UZB,UZ,Uzbekistan,2011,3.3702352046966557
UZB,UZ,Uzbekistan,2012,2.900169849395752
UZB,UZ,Uzbekistan,2013,3.002777338027954
UZB,UZ,Uzbekistan,2014,3.3860678672790527
UZB,UZ,Uzbekistan,2015,3.535829305648804
UZB,UZ,Uzbekistan,2016,2.76173996925354
UZB,UZ,Uzbekistan,2017,0.9776865243911744
UZB,UZ,Uzbekistan,2018,1.2112034559249878
ZAF,ZA,South Africa,1980,3.868486642837525
ZAF,ZA,South Africa,1981,-0.4316321909427643
ZAF,ZA,South Africa,1982,-4.139416694641113
ZAF,ZA,South Africa,1983,-4.733914852142334
ZAF,ZA,South Africa,1984,2.453507661819458
ZAF,ZA,South Africa,1985,-3.0461230278015137
ZAF,ZA,South Africa,1986,-0.2683596312999725
ZAF,ZA,South Africa,1987,0.0035521767567843
ZAF,ZA,South Africa,1988,1.554863691329956
ZAF,ZA,South Africa,1989,-0.1188104674220085
ZAF,ZA,South Africa,1990,-2.4832355976104736
ZAF,ZA,South Africa,1991,-3.282163381576538
ZAF,ZA,South Africa,1992,-3.033144950866699
ZAF,ZA,South Africa,1993,0.1645648330450058
ZAF,ZA,South Africa,1994,1.6392645835876465
ZAF,ZA,South Africa,1995,1.1502124071121216
ZAF,ZA,South Africa,1996,1.8437962532043457
ZAF,ZA,South Africa,1997,-0.0138743044808506
ZAF,ZA,South Africa,1998,-2.4948511123657227
ZAF,ZA,South Africa,1999,0.0151195600628852
ZAF,ZA,South Africa,2000,1.96578586101532
ZAF,ZA,South Africa,2001,2.586761713027954
ZAF,ZA,South Africa,2002,-1.2643861770629885
ZAF,ZA,South Africa,2003,1.721458077430725
ZAF,ZA,South Africa,2004,1.1241792440414429
ZAF,ZA,South Africa,2005,-0.4068872332572937
ZAF,ZA,South Africa,2006,-1.147336721420288
ZAF,ZA,South Africa,2007,2.428123235702514
ZAF,ZA,South Africa,2008,-2.278209924697876
ZAF,ZA,South Africa,2009,-2.7013473510742188
ZAF,ZA,South Africa,2010,2.2623414993286133
ZAF,ZA,South Africa,2011,-0.4727583825588226
ZAF,ZA,South Africa,2012,-1.3085763454437256
ZAF,ZA,South Africa,2013,-1.4091877937316897
ZAF,ZA,South Africa,2014,-1.1542387008666992
ZAF,ZA,South Africa,2015,-2.910316467285156
ZAF,ZA,South Africa,2016,-1.223888874053955
ZAF,ZA,South Africa,2017,-1.3690720796585083
ZAF,ZA,South Africa,2018,-0.7251105904579163
ZWE,ZW,Zimbabwe,1980,10.967347145080566
ZWE,ZW,Zimbabwe,1981,7.54728889465332
ZWE,ZW,Zimbabwe,1982,-1.8417727947235107
ZWE,ZW,Zimbabwe,1983,-1.4240466356277466
ZWE,ZW,Zimbabwe,1984,-6.902363300323486
ZWE,ZW,Zimbabwe,1985,4.162626266479492
ZWE,ZW,Zimbabwe,1986,-0.4925975203514099
ZWE,ZW,Zimbabwe,1987,-1.902540683746338
ZWE,ZW,Zimbabwe,1988,3.3738443851470947
ZWE,ZW,Zimbabwe,1989,1.6915614604949951
ZWE,ZW,Zimbabwe,1990,2.981117486953736
ZWE,ZW,Zimbabwe,1991,0.6590689420700073
ZWE,ZW,Zimbabwe,1992,-13.206579208374023
ZWE,ZW,Zimbabwe,1993,-2.3421871662139893
ZWE,ZW,Zimbabwe,1994,5.458738803863525
ZWE,ZW,Zimbabwe,1995,-2.7098758220672607
ZWE,ZW,Zimbabwe,1996,8.917741775512695
ZWE,ZW,Zimbabwe,1997,1.664112567901611
ZWE,ZW,Zimbabwe,1998,1.3257670402526855
ZWE,ZW,Zimbabwe,1999,-1.9836989641189573
ZWE,ZW,Zimbabwe,2000,-7.056912422180176
ZWE,ZW,Zimbabwe,2001,-2.9983510971069336
ZWE,ZW,Zimbabwe,2002,-13.94289493560791
ZWE,ZW,Zimbabwe,2003,-23.00621032714844
ZWE,ZW,Zimbabwe,2004,-9.073164939880373
ZWE,ZW,Zimbabwe,2005,-7.929355144500732
ZWE,ZW,Zimbabwe,2006,-5.166442394256592
ZWE,ZW,Zimbabwe,2007,-5.219268798828125
ZWE,ZW,Zimbabwe,2008,-20.542369842529297
ZWE,ZW,Zimbabwe,2009,10.00618839263916
ZWE,ZW,Zimbabwe,2010,15.612706184387209
ZWE,ZW,Zimbabwe,2011,10.677417755126951
ZWE,ZW,Zimbabwe,2012,13.647440910339355
ZWE,ZW,Zimbabwe,2013,-0.3534841239452362
ZWE,ZW,Zimbabwe,2014,-0.3899441659450531
ZWE,ZW,Zimbabwe,2015,-0.8829582929611206
ZWE,ZW,Zimbabwe,2016,-1.9087600708007808
ZWE,ZW,Zimbabwe,2017,1.411076545715332
ZWE,ZW,Zimbabwe,2018,-0.1768593788146972
